tid,SGA_DESCRITOR,Codi_Descritor,name
200,1,1,ALIMENTAÇÃO
201,2,001.1,ALIMENTOS
202,3,001.2,BEBIDAS
203,4,2,AMOR
204,5,3,ANIMAL
205,6,4,ANTROPOLOGIA
206,7,004.1,ANTROPOLOGIA FÍSICA
207,8,001.3,PREPARAÇÃO DO ALIMENTO
208,9,001.4,PROCESSAMENTO DA MANDIOCA
209,10,001.5,REFEIÇÃO
210,11,003.1,ANIMAL DOMÉSTICO
211,12,003.1.1,CACHORRO
212,13,003.1.2,GALINHA
213,14,003.1.3,PATO
214,15,003.2,ANIMAL SILVESTRE
215,16,003.2.1,ANTA
216,17,003.2.2,ARARA
217,18,5,ARMAS
218,19,005.1,CONFECÇÃO DE ARMAS
219,20,005.2,UTILIZAÇÃO DE ARMAS
220,21,6,ARQUEOLOGIA
221,22,006.1,ARTEFATO ARQUEOLÓGICO
222,23,006.2,ESCAVAÇÃO ARQUEOLÓGICA
223,24,006.3,PINTURA RUPESTRE
224,25,7,ARQUITETURA
225,26,008.1,ARTES PLÁSTICAS
226,27,008.1.1,CHARGE
227,28,008.1.2,DESENHO
228,29,008.1.3,ESCULTURA
229,30,008.1.4,GRAVURA
230,31,9,ARTESANATO
231,32,009.1,ARTESANATO EM MADEIRA
232,33,009.2,CERÂMICA
233,34,009.3,CESTARIA
234,35,009.4,TECELAGEM
235,36,10,AUDIOVISUAL - CINEMA - VÍDEO
236,37,010.1,DOCUMENTÁRIO
237,38,010.2,FICÇÃO
238,39,010.3,ANIMAÇÃO
239,40,010.4,VÍDEO CLIP
240,41,010.5,VÍDEO ARTE
241,43,11,CAMPO - TERRA
242,44,011.1,DEMARCAÇÃO DE TERRITÓRIO
243,45,011.2,LUTA PELA TERRA
244,46,011.3,MST
245,47,011.4,REFORMA AGRÁRIA
246,48,12,JOVEM - ADOLESCENTE
247,49,13,CAPITALISMO
248,50,14,CIDADE
249,51,014.1,URBANIZAÇÃO
250,52,15,CIGANO
251,53,16,COLONIALISMO - NEOCOLONIALIMO
252,54,17,COLONIZAÇÃO
253,55,18,COMUNISMO - SOCIALISMO - MARXISMO
254,56,19,CORPO
255,57,20,CORRUPÇÃO
256,58,21,COTIDIANO
257,59,021.1,ATIVIDADES DOMÉSTICAS
258,61,021.1.1,ROÇA
259,62,22,CRIANÇA
260,63,022.1,FEBEM
261,64,022.2,INFÂNCIA
262,65,022.3,MENOR
263,66,23,CULINÁRIA - COZINHA
264,67,24,CULTURA AFRO-BRASILEIRA
265,68,25,CULTURA OCIDENTAL
266,69,26,CULTURA ORIENTAL
267,70,27,CULTURA MATERIAL
268,71,027.1,CERÂMICA MARAJOARA
269,72,28,DANÇA
270,73,29,DEFICIÊNCIA FÍSICA
271,74,30,DEFICIÊNCIA MENTAL
272,75,31,DEMOCRACIA
273,76,32,DIREITOS HUMANOS
274,77,33,COMPORTAMENTO
275,78,34,DITADURA
276,79,35,ETNIA
277,80,36,ECONOMIA
278,81,37,EDUCAÇÃO
279,82,38,ENERGIA
280,83,038.1,ENERGIA HIDRELÉTRICA
281,84,038.2,ENERGIA NUCLEAR
282,85,038.3,ENERGIA TERMOELÉTRICA
283,86,038.4,ENERGIA EÓLICA
284,87,39,ESCRAVIDÃO
285,88,40,ESPORTE
286,89,040.1,FUTEBOL
287,90,040.2,CORRIDA DE TORA
288,91,41,ÉTICA
289,92,42,ETNICIDADE
290,93,042.1,CONFLITO INTERÉTNICO
291,94,042.2,CONTATO INTERÉTNICO
292,95,042.3,MISCIGENAÇÃO
293,98,43,ETNOBOTÂNICA
294,99,44,ETNOMUSICOLOGIA
295,100,45,FACISMO - NEOFACISMO
296,101,46,FAMÍLIA
297,102,47,FESTA- FESTA POPULAR
298,103,48,FILOSOFIA
299,104,49,FOME
300,105,047.1,CARNAVAL
301,106,047.2,BUMBA MEU BOI
302,107,047.3,FOLIA DE REIS
303,108,047.4,CAVALHADA
304,109,50,FOTOGRAFIA
305,110,51,FUMO - TABAGISMO
306,111,52,GREVE
307,112,53,GUERRA
308,113,053.1,GUERRA CIVIL
309,114,54,HABITAÇÃO - MORADIA
310,115,55,HIGIENE PESSOAL
311,116,56,HISTÓRIA
312,117,056.1,HISTÓRIA DO BRASIL
313,118,056.2,HISTÓRIA GERAL
314,119,57,HOMEM
315,120,58,IDENTIDADE
316,121,59,INDEPENDÊNCIA
317,122,60,ÍNDIO
318,123,060.1,ÍNDIO AMÉRICA CENTRAL
319,126,61,INDUMENTÁRIA
320,127,62,INDUSTRIALIZAÇÃO
321,128,63,JUDEU
322,129,64,LAZER
323,130,65,LIBERDADE
324,131,66,LINGUAGEM
325,132,67,LITERATURA
326,133,067.1,CONTO
327,134,067.2,CORDEL
328,135,067.3,CRÔNICA
329,136,067.4,POESIA
330,137,067.5,ROMANCE
331,138,68,MATÉRIA PRIMA
332,139,69,MEIO AMBIENTE - ECOLOGIA
333,140,069.1,DESMATAMENTO
334,141,069.2,EXTRATIVISMO
335,142,069.2.1,EXTRATIVISMO VEGETAL
336,143,069.2.2,EXTRATIVISMO MINERAL - GARIMPO
337,144,069.2.1.1,MADEIRA
338,145,069.2.1.2,SERINGUEIRA
339,146,069.2.2.2,OURO
340,147,069.2.2.3,DIAMANTE
341,148,069.3,FLORESTA
342,149,069.4,POLUIÇÃO
343,150,069.5,RECURSOS NATURAIS
344,151,069.5.1,RIO - MEIO AMBIENTE
345,152,069.6,VEGETAÇÃO
346,153,70,MEMÓRIA
347,154,71,MÍDIA - IMPRENSA
348,155,071.1,JORNAL
349,156,071.2,REVISTA - PERIÓDICO
350,157,071.3,INTERNET
351,158,071.4,RÁDIO
352,159,071.5,TELEVISÃO - TV
353,160,72,POBREZA - MISÉRIA
354,161,73,MITOLOGIA - COSMOLOGIA
355,162,74,MODA
356,163,75,MODERNISMO
357,164,76,MODERNIDADE
358,166,78,MORTE
359,167,79,MOVIMENTOS MIGRATÓRIOS
360,168,079.1,EMIGRAÇÃO
361,169,079.2,IMIGRAÇÃO
362,170,079.3,EXÍLIO
363,171,079.4,MIGRAÇÃO
364,172,80,MULHER
365,173,080.1,MATERNIDADE
366,174,080.2,PARTO
367,175,080.3,FEMINISMO
368,176,81,MUSEU
369,177,82,MÚSICA
370,178,082.1,APRENDIZAGEM MUSICAL
371,179,082.3,CONFECÇÃO INSTRUMENTO MUSICAL
372,180,082.4,ESTILO MUSICAL
373,181,082.5,INSTRUMENTO MUSICAL
374,182,082.4.2,SAMBA
375,184,85,NACIONALISMO
376,185,84,NAZISMO - NEONAZISMO
377,186,86,NEGRO
378,187,086.1,QUILOMBO
379,188,87,ONG - ORGANIZAÇÃO NÃO GOVERNAMENTAL
380,189,88,PATRIMÔNIO
381,190,89,PERSONALIDADES
382,761,0.40.5,CRÍQUETE
383,192,089.2,CHICO MENDES
384,193,089.3,MARECHAL CÂNDIDO RONDON
385,194,089.4,MAO TSE TUNG
386,195,089.5,GETÚLIO VARGAS
387,196,90,PINTURA CORPORAL
388,197,090.1,MAQUIAGEM
389,198,090.3,TATUAGEM
390,199,91,PODER
391,200,92,POLÍTICA
392,201,092.1,POLÍTICA AGRÁRIA
393,202,092.2,POLÍTICA INDIGENISTA
394,203,092.1.2,INCRA
395,204,092.1.3,UDR - UNIÃO DEMOCRÁTICA RURALISTA
396,205,092.1.1,CPT-COMISSÃO PASTORAL DA TERRA
397,206,092.2.1,SPI - SERVIÇO DE PROTEÇÃO AO ÍNDIO
398,207,092.2.2,FUNAI
399,208,092.2.3,COMISSÃO DE FRONTEIRAS E LIMITES
400,209,092.3,POLÍTICA INTERNACIONAL
401,210,092.3.1,GLOBALIZAÇÃO
402,211,092.3.2,ONU - ORGANIZAÇÃO DAS NAÇÕES UNIDAS
403,212,092.4,POLÍTICA NACIONAL
404,213,092.5,ATIVIDADE POLÍTICA
405,214,092.5.1,PASSEATA
406,215,092.5.2,PROTESTO
407,216,092.5.3,COMÍCIO
408,217,93,PROPAGANDA - PUBLICIDADE
409,218,94,PRISÃO - SISTEMA PENITENCIÁRIO
410,219,95,PROSTITUIÇÃO
411,220,96,PSICOLOGIA
412,221,97,RELIGIÃO
413,222,097.1,CRISTIANISMO
414,223,097.2,ISLAMISMO
415,224,097.3,JUDAISMO
416,225,097.4,BUDISMO
417,226,097.5,HINDUISMO
418,227,097.6,SINCRETISMO
419,228,097.7,RELIGIÕES AFRO-BRASILEIRAS
420,229,097.1.1,CATOLICISMO
421,230,097.1.2,PROTESTANTISMO
422,231,097.8,CATEQUIZAÇÃO
423,232,097.9,MISSÃO RELIGIOSA
424,233,097.9.1,FRANCISCANOS
425,234,097.9.2,DOMINICANOS
426,235,097.9.3,JESUÍTAS
427,236,097.9.4,SALESIANOS
428,237,98,NOMES
429,238,99,RETRATO
430,239,100,RITUAL
431,240,100.1,CASAMENTO
432,241,100.2,RITUAL DE INICIAÇÃO
433,242,100.3,RITUAL FUNERÁRIO
434,243,100.4,RITUAL DE NOMINAÇÃO
435,244,100.5,RITUAL DE NASCIMENTO
436,245,100.6,MUTILAÇÃO RITUAL
437,246,100.7,DEPILAÇÃO RITUAL
438,247,100.8,CULTO AOS MORTOS
439,248,101,SAÚDE - DOENÇA
440,249,101.1,MEDICINA
441,250,101.2,ODONTOLOGIA
442,251,101.3,POSTO DE SAÚDE
443,252,101.4,POLÍTICA SANITARISTA
444,253,101.5,EPIDEMIA
445,254,101.6,TRATAMENTO DE SAÚDE
446,255,102,SEGREGAÇÃO
447,256,102.1,APARTHEID
448,257,103,SEXUALIDADE - SEXO
449,258,104,SINDICATO - SINDICALISMO
450,259,105,SOBRENATURAL
451,260,106,SOCIOLOGIA
452,261,107,SUBSISTÊNCIA - SUSTENTO
453,262,107.1,AGRICULTURA
454,263,107.2,CAÇA
455,264,107.3,COLETA
456,265,107.4,PECUÁRIA
457,266,107.5,PESCA
458,267,107.6,OBTENÇÃO DE ÁGUA
459,268,108,TEATRO
460,269,109,TEOLOGIA
461,270,110,TRABALHO
462,271,110.1,TRABALHADOR URBANO
463,272,110.2,TRABALHADOR RURAL - CAMPONÊS
464,273,110.1.1,OPERÁRIO
465,274,110.1.2,CAMELÔ - AMBULANTE
466,275,110.2.1,BÓIA FRIA
467,280,111,TRANSPORTE
468,281,112,TURISMO
469,282,113,UTENSÍLIO
470,283,114,VELHICE - VELHO
471,284,115,VIOLÊNCIA
472,285,117,XAMANISMO
473,286,115.1,CRIMINALIDADE
474,287,111.1,TRANSPORTE AÉREO
475,764,,
476,295,118,LOCALIDADE
477,296,118.1,AFRICA
478,299,119,PAÍS
479,302,119.1,ALEMANHA
480,305,119.4,BRASIL
481,308,119.3,BELGICA
482,309,119.2,ARGELIA
483,310,119.5,CHINA
484,311,119.6,COLÔMBIA
485,312,119.8,ESPANHA
486,313,118.2,AMAZÔNIA
487,314,119.9,ESTADOS UNIDOS - EUA - USA
488,315,119.7,AUSTRIA
489,316,119.11,HOLANDA
490,317,119.13,INGLATERRA
491,765,,GÊNERO
492,319,119.10.2,GUIANA FRANCESA
493,320,119.10.1,PARIS
494,766,135,GÊNERO
495,322,119.4.2,ALAGOAS
496,323,119.4.3,AMAPÁ
497,324,119.4.4,AMAZONAS
498,325,119.4.5,BAHIA
499,326,119.4.3.1,MACAPÁ
500,327,119.14,LÍBANO
501,328,119.15,VENEZUELA
502,329,119.16,RÚSSIA
503,330,119.17.1,HIROSHIMA
504,331,119.17,JAPÃO
505,332,119.4.6,CEARÁ
506,333,119.4.7,DISTRITO FEDERAL
507,334,115.2,ESTUPRO
508,335,069.5.2,IGARAPÉ
509,336,120,VIAGEM
510,338,119.18,NOVA ZELÂNDIA
511,339,118.4,POLINÉSIA
512,340,119.19,IRAQUE
513,341,119.20,GANA
514,342,119.21,MARROCOS
515,343,119.22,SENEGAL
516,344,119.23,SIBÉRIA
517,345,119.24,OUZBERQUISTÃO
518,346,119.25,UNIÃO SOVIÉTICA
519,347,119.10,FRANÇA
520,348,119.26,MONGÓLIA
521,349,119.27,MALAWI
522,350,119.28,CIJORDÂNIA
523,351,119.29,TUNÍSIA
524,352,119.31,TURQUIA
525,353,119.30,IRÃ
526,354,119.32,ISRAEL
527,355,119.33,ETIÓPIA
528,356,119.34,AZERBAIJÃO
529,357,118.3,CÁUCASO
530,358,119.35,INDIA
531,359,119.36,AUSTRÁLIA
532,360,119.37,CAMARÕES
533,361,053.2,GUERRA MILITAR
534,363,054.1,FAVELA
535,364,089.6,MARTIN LUTHER KING
536,365,089.7,PELÉ
537,366,119.4.8,ESPÍRITO SANTO
538,368,089.8,ZUMBI
539,369,008.1.5,PINTURA
540,370,054.2,HABITANTES DE RUA - SEM TETO - MENDIGO
541,371,082.2,CANTO
542,372,082.4.1,BLUES
543,373,090.2,PIERCING
544,374,053.2.1,PRIMEIRA GUERRA MUNDIAL
545,375,053.2.2,SEGUNDA GUERRA MUNDIAL
546,376,060.2,ÍNDIO AMÉRICA DO NORTE
547,377,060.3,ÍNDIO AMÉRICA DO SUL
548,378,119.4.9,GOIÁS
549,379,089.9,ALEIJADINHO
550,380,071.5.1,NOVELA - TELENOVELA
551,381,036.1,ECONOMIA INFORMAL
552,382,036.2,INDÚSTRIA CULTURAL
553,383,089.10,TIRADENTES
554,384,058.1,DISCRIMINAÇÃO - XENOFOBIA
555,385,033.1,COMPORTAMENTO ANIMAL
556,386,058.1.1,RACISMO
557,388,77,NOMINAÇÃO
558,389,078.1,PENA DE MORTE
559,390,103.1,HOMOSSEXUALISMO
560,391,040.3,RUGBY
561,392,066.1,ESCRITA
562,393,066.2,LINGUAGEM AUDIOVISUAL
563,394,066.3,LINGUAGEM SONORA
564,395,066.4,LINGUAGEM VISUAL - IMAGEM
565,396,066.5,LINGUÍSTICA
566,767,135,GÊNERO
567,398,111.2,TRANSPORTE FERROVIÁRIO
568,399,111.3,TRANSPORTE FLUVIAL
569,400,111.4,TRANSPORTE RODOVIÁRIO
570,401,115.3,POLÍCIA
571,402,056.1.1,BRASIL COLÔNIA
572,403,056.1.2,BRASIL IMPÉRIO
573,404,056.1.3,BRASIL REPÚBLICA
574,405,056.2.1,IDADE ANTIGA - ANTIGUIDADE
575,406,056.2.2,IDADE MÉDIA
576,407,056.2.3,IDADE MODERNA
577,408,056.2.4,IDADE CONTEMPORÂNEA
578,409,056.2.4.1,REVOLUÇÃO FRANCESA
579,410,056.2.4.2,REVOLUÇÃO INDUSTRIAL
580,411,118.5,PANTANAL
581,412,119.4.10,MARANHÃO
582,413,119.4.11,MATO GROSSO
583,414,119.4.12,MATO GROSSO DO SUL
584,415,119.4.13,MINAS GERAIS
585,416,119.4.14,PARÁ
586,417,119.4.15,PARAÍBA
587,418,119.4.16,PARANÁ
588,419,119.4.17,PERNAMBUCO
589,420,119.4.18,PIAUÍ
590,421,119.4.19,RIO DE JANEIRO
591,422,119.4.20,RIO GRANDE DO NORTE
592,423,119.4.21,RIO GRANDE DO SUL
593,424,119.4.22,RONDÔNIA
594,425,119.4.23,RORAIMA
595,426,119.4.24,SANTA CATARINA
596,427,119.4.25,SÃO PAULO
597,428,119.4.25.1,SÃO PAULO
598,429,119.4.26,SERGIPE
599,430,119.4.27,TOCANTINS
600,431,119.4.21.1,PORTO ALEGRE
601,432,118.6,ANTÁRTICA
602,433,092.6,SISTEMA POLÍTICO
603,434,092.5.4,REVOLUÇÃO
604,435,092.6.1,MONARQUIA
605,436,092.6.2,REPÚBLICA
606,439,060.3.1,ÍNDIO BRASIL
607,440,119.38,NAMÍBIA
608,441,121,TRÁFICO
609,442,121.1,DROGAS - TÓXICO
610,443,121.2,TRÁFICO NEGREIRO
611,444,089.11,JORGE AMADO
612,445,035.1,DOGON
613,446,060.3.1.1,KARAJÁ - CARAJÁ - JAVAÉ
614,447,060.3.1.2,BANIWA
615,448,089.12,TANCREDO NEVES
616,449,092.5.5,TERRORISMO
617,450,118.14.1,ORIENTE MÉDIO
618,451,060.2.1,ÍNDIO ESTADOS UNIDOS
619,452,060.3.1.4,KRENAK
620,454,060.3.1.5,YANOMAMI
621,455,060.3.1.6,ASHANINKA
622,456,060.3.1.7,PANKARARU
623,457,060.3.1.8,KAINGANG
624,458,060.3.1.81,MAXACALI
625,459,060.3.1.10,BARÉ
626,460,060.3.1.11,TARIANO
627,461,060.3.1.13,KRAHÔ - CRAÔ - KRAÔ
628,462,060.3.1.14,KAIOWÁ
629,463,060.3.1.12,XAVANTE
630,464,060.3.1.15,PARAKANÃ - PARACANÃ
631,465,060.3.1.16,SURUÍ
632,466,060.3.1.17,CINTA LARGA
633,467,060.3.1.17,TUPARI
634,468,060.3.1.18,KANOE
635,469,060.3.1.20,ZOÉ
636,470,060.3.1.19,URU-EU-WAU-WAU - URUEU-UAU-UAU
637,471,060.3.1.22,BORORO
638,472,060.3.1.21,GAVIÃO
639,474,83,LIDERANÇA
640,475,042.4,MUDANÇA CULTURAL
641,476,069.7,DESENVOLVIMENTO SUSTENTÁVEL
642,477,111.3.1,NAVIO
643,478,118.2.1,NOROESTE AMAZÔNICO
644,479,118.2.11,NORDESTE
645,480,082.5.1,VIOLA CAIPIRA
646,481,097.7.1,CANDOMBLÉ
647,482,097.7.2,UMBANDA
648,483,097.1.3,ESPIRITISMO - KARDECISMO
649,484,119.4.10.1,SÃO LUÍS
650,485,119.39,NIGERIA
651,486,060.3.1.23,WAIÃPI - WAYAMPI - OYAMPI -
652,487,119.40,UCRÂNIA
653,488,119.41,CHILE
654,489,056.3,PRÉ-HISTÓRIA
655,490,060.3.1.24,NAMBIQUARA
656,491,118.8,XINGU
657,492,060.3.1.25,KUIKURO - KUIKURU
658,493,060.3.1.26,TXUKARRAMÃE
659,494,060.3.1.27,WAURÁ
660,495,060.3.1.28,IAWALAPITI
661,496,060.3.1.29,KRENAKORE - PANARÁ - KRENHAKORE
662,497,060.3.1.30,KAMAYURÁ - CAMAIURÁ
663,498,100.9,KWARUP - KUARUP
664,499,119.42,ANGOLA
665,500,047.5,CONGADA
666,501,119.43,ÁFRICA DO SUL
667,502,056.2.3.1,RENASCIMENTO
668,503,119.44,GRÉCIA
669,504,035.2,MÚILA
670,505,035.3,MUCUBAUS
671,506,035.4,SHANGAAN
672,507,035.5,HAWSA
673,508,060.3.1.31,MUNDURUKU - MUNDURUCU
674,509,060.3.1.32,WAI WAI - WAIWAI
675,510,060.3.1.33,WAYANA
676,511,060.3.1.34,APALAI - APARAI
677,512,060.3.1.35,PIRAHÃ
678,513,060.3.1.36,KIRIRI
679,514,089.13,MARGARET MEAD
680,515,060.3.2,ÍNDIO VENEZUELA
681,516,060.3.2.1,GUAHIBO
682,517,060.3.2.2,MAKIRITARI
683,518,060.3.2.3,PIAROA
684,519,060.3.2.4,YANOMAMI - VENEZUELA
685,520,060.3.1.37,KULINA - CULINA
686,521,060.3.1.38,MATIS
687,522,060.3.1.39,MATSÉ - MAYORUNA
688,523,060.3.1.40,MARUBO
689,524,060.3.1.41,KANAMARI - CANAMARI
690,525,119.45,MÉXICO
691,526,060.2.2,ÍNDIO MÉXICO
692,527,060.2.2.1,PORIPECHA
693,528,119.46,PAPUA NOVA GUINÉ
694,529,035.6,RAGUE
695,530,060.3.1.42,KAYAPO - KAIAPO- CAIAPO
696,531,060.3.1.43,GUAJÁ - AWÁ - AVÁ
697,532,060.3.1.44,GUAJAJARA - TENETHEHARA
698,533,060.3.1.45,PARESSI
699,534,110.3,MINEIRO
700,535,089.14,LUIZ CARLOS PRESTES
701,536,091.2,MILITAR
702,537,060.3.1.46,TAUREPANG - AREKUNA- TAULIPANG
703,538,060.3.1.47,INGARIKÓ - AKAWAIO - INGARICÓ
704,539,060.3.3,ÍNDIO GUIANA FRANCESA
705,540,092.4.1,GOLPE MILITAR
706,541,122,CIÊNCIA
707,542,122.1,PALEONTOLOGIA
708,543,118.9,EUROPA
709,544,8,ARTE
710,545,119.47,MOÇAMBIQUE
711,546,119.48,GÂMBIA
712,547,119.49,BOSTWANA
713,548,119.50,QUÊNIA
714,549,119.51,EGITO
715,550,119.52,UGANDA
716,551,119.53,LIBÉRIA
717,552,119.4.17.1,RECIFE
718,553,066.6,LINGUAGEM GESTUAL
719,554,123,COMUNICAÇÃO
720,555,124,FOLCLORE
721,556,089.15,LEONARDO BOFF
722,557,060.3.1.48,ZURUAHÃ - SOROWAHA - SURUWAHA
723,558,088.1,PATRIMONIO HISTÓRICO
724,559,088.2,PATRIMONIO CULTURAL
725,560,115.4,TORTURA
726,561,125,FRONTEIRA
727,562,119.54,TANZÂNIA
728,563,003.2.3,MACACO
729,564,119.55,INDONÉSIA
730,565,119.56,RUANDA
731,566,118.10,BORNÉU
732,567,060.3.1.49,MACURAP - MAKURAP
733,568,060.3.1.50,TIRIYÓ - PIANO - TRIO - TARONA
734,569,033.2,COMPORTAMENTO HUMANO
735,570,119.57,QUÊNIA
736,571,119.58,ZAIRE
737,572,119.59,COSTA DO MARFIM
738,573,119.60,SOMÁLIA
739,574,119.61,ZIMBÁBUE
740,575,119.62,SUDÃO
741,576,060.2.1.1,NAVAJO
742,577,118.11,AMÉRICA LATINA
743,578,040.4,TOURADA
744,579,119.63,ARGENTINA
745,580,126,BELEZA - ESTÉTICA
746,581,118.15.1,AMÉRICA CENTRAL
747,582,118.13,CARIBE
748,583,119.64,CUBA
749,584,119.65,SANTA LÚCIA
750,585,092.3.3,IMPERIALISMO / DOMINAÇÃO
751,586,060.3.1.51,TICUNA - TUKUNA - MAGÜTA
752,587,060.3.1.52,MAKUXI - PEMON - MACUXI
753,588,118.14,ÁSIA
754,589,119.66,TIMOR LESTE
755,590,060.3.1.53,APINAYÉ - APINAJÉ - APINAIÉ
756,591,060.3.1.54,KRIKATI - KRINKATI
757,592,060.3.1.55,KANELA - CANELA
758,593,060.3.1.3,KAXINAWÁ- CASHINAUÁ- CAXINAUÁ
759,594,066.4.1,PERCEPÇÃO VISUAL
760,595,060.3.1.56,KADIWEU - CADUVEO - CADIUÉU
761,596,060.3.1.57,ASSURINI
762,597,060.3.1.58,MAXAKALI - MAXACALI
763,598,119.4.19.1,RIO DE JANEIRO
764,599,060.3.1.59,WANANO
765,600,060.3.1.60,TUYUKA
766,601,127,INTELECTUAIS
767,602,053.3,GUERRA FRIA
768,603,060.3.1.61,TRUKÁ
769,604,060.3.1.62,PATAXÓ
770,605,065.1,CENSURA
771,606,089.16,GEORGES MELIÈS
772,607,060.3.1.63,KARIPUNA - CARIPUNA
773,608,060.3.1.64,GALIBI - GALIBI MARWORNO - ARUÃ - GALIBI DO OIAPOQUE
774,609,060.3.1.65,PALIKUR
775,610,060.3.1.66,AWETI
776,611,060.3.1.67,ZORÓ
777,612,060.3.1.68,KWAZÁ
778,613,060.3.4,ÍNDIO COLÔMBIA
779,614,060.3.4.1,NUKAK MAKU
780,615,122.2,BIOLOGIA
781,616,089.17,AUGUSTE LUMIÉRE
782,617,089.18,LOUIS LUMIÉRE
783,618,089.19,CHARLES PATHÉ
784,619,089.20,THOMAS EDISON
785,620,119.67,CANADÁ
786,621,060.2.2.2,HUICHOLS - WIRRARICA
787,622,060.2.3,ÍNDIO CANADÁ
788,623,060.2.3.1,MOHAWK
789,624,119.68,IUGOSLÁVIA
790,625,119.69,JORDÂNIA
791,626,119.70,CROÁCIA
792,627,119.71,CURDISTÃO
793,628,119.72,SÍRIA
794,629,119.73,URSS
795,630,119.74,PORTUGAL
796,631,035.7,CURDA - CURDO
797,632,119.1.1,ALEMANHA OCIDENTAL
798,633,119.1.2,ALEMANHA ORIENTAL
799,634,119.75,EQUADOR
800,635,119.76,HAVAÍ - HAWAI
801,636,119.77,MALI
802,637,119.78,MAURITÂNIA
803,638,119.79,PAQUISTÃO
804,639,118.15,AMÉRICA
805,640,119.80,SUÉCIA
806,641,119.81,TCHECOSLOVAQUIA
807,642,119.82,REPUBLICA TCHECA
808,643,060.3.1.69,ARAWETÉ - ARAUETÉ
809,644,128,FEITIÇARIA
810,645,115.5,INQUISIÇÃO
811,646,119.4.5.1,SALVADOR
812,647,119.4.13.1,UBERLÂNDIA
813,648,119.83,BENIM
814,649,060.3.1.70,TREMEMBÉ
815,650,119.84,CEILÃO
816,651,119.85,TIBET
817,652,119.9.1,NOVA IORQUE
818,653,060.3.5,ÍNDIO GUIANA INGLESA
819,654,060.3.6,ÍNDIO SURINAME
820,655,060.3.1.71,TXIKÃO - TXICÃO - IKPENG
821,656,101.7,PSIQUIATRIA
822,657,119.86,ITÁLIA
823,658,119.87,POLÔNIA
824,659,119.88,BURQUINA FASO
825,660,060.3.1.72,GUARANI
826,661,118.16,MAGREBE
827,662,092.4.2,MOVIMENTO ESTUDANTIL
828,663,119.89,TOGO
829,664,119.13.1,LONDRES
830,665,119.90,JAMAICA
831,666,060.3.1.73,POYANAWA
832,667,037.1,UNIVERSIDADE
833,668,130,TECNOLOGIA
834,669,004.3,ANTROPOLOGIA VISUAL
835,670,119.74.1,LISBOA
836,671,060.2.3.2,INUIT - ESQUIMÓS
837,672,119.4.25.2,CUBATÃO
838,673,118.17,OCEANIA
839,674,047.6,FESTA DO DIVINO
840,675,060.3.1.74,NAMBIKWARA - NHAMBIQUARA
841,676,119.91,IRLANDA
842,677,119.92,PERU
843,678,119.93,BOLÍVIA
844,679,119.94,BULGÁRIA
845,680,119.95,ROMÊNIA
846,681,119.96,CORÉIA DO SUL
847,682,060.2.1.2,SEMINOLE
848,683,060.2.1.3,MICCOSUKEE
849,684,060.2.3.3,CREE
850,685,060.2.1.4,SIOUX
851,686,010.6,FICÇÃO CIENTÍFICA
852,687,035.8,DANI
853,688,060.3.1.75,ENAWENÊ-NAWÊ - SALUMÃ
854,689,082.4.3,HIP HOP
855,690,082.4.4,FUNK
856,697,119.97,HAITI
857,698,060.3.1.76,AVA CANOEIRO
858,699,060.3.1.77,BAKAIRI
859,700,119.4.25.3,SANTOS
860,701,060.1.1,WARAO
861,702,119.4.25.4,SÃO VICENTE
862,703,032.1,CIDADANIA
863,704,119.98,PANAMÁ
864,705,082.4.5,BOLERO
865,706,008.1.6,GRAFITE
866,707,119.99,PORTO RICO
867,708,047.7,FANDANGO
868,709,082.4.6,SERTANEJA
869,710,004.2,ANTROPOLOGIA SOCIAL
870,711,118.15.2,AMÉRICA DO NORTE
871,712,118.15.3,AMÉRICA DO SUL
872,713,082.4.7,MPB - MÚSICA POPULAR BRASILEIRA
873,714,119.4.13.2,BELO HORIZONTE
874,715,036.3,COMÉRCIO
875,716,007.1,ARQUITETURA BARROCA
876,717,119.4.16.1,CURITIBA
877,718,119.4.7.1,BRASÍLIA
878,719,119100,NIGER
879,720,027.2,MASCARA
880,721,119101,SIERRA LEONE
881,722,119102,CABO VERDE
882,723,131,ALUCINOGENO
883,724,119103,TAHITI
884,725,132,IDEOLOGIA
885,726,119104,GUINÉ BISSAU
886,727,119105,CAMBOJA
887,728,119106,GUATEMALA
888,729,060.3.1.78,DESANA
889,730,009.5,ADORNO
890,731,060.3.1.79,MAKU
891,732,060.3.1.80,PIRATAPUIA
892,733,060.3.1.82,TUKANO
893,734,060.3.1.83,WAPIXANA
894,735,060.3.1.84,HIXKARYANA
895,736,060.3.1.85,ITOGAPUK
896,737,060.3.1.86,KEP KIRI WAT
897,738,060.3.1.87,PARINTINTIN
898,739,060.3.1.88,ASURINI
899,740,060.3.1.89,MAMAINDE
900,741,060.3.1.90,JURUNA
901,742,060.3.1.91,KAYABI
902,743,060.3.1.92,XERENTE
903,744,060.3.1.93,TAPIRAPE
904,745,060.3.1.94,UMUTINA
905,746,060.3.1.95,MAKÁ-MATAKO
906,747,060.3.1.96,WITOTO/BORA
907,748,122.3,GEOLOGIA
908,749,060.3.1.97,WAUJA
909,750,060.3.1.98,WAIMIRI-ATROARI
910,751,119107,FILIPINAS
911,752,119.4.25.5,SOROCABA
912,753,014.2,PERIFERIA
913,754,060.2.3.4,INNU
914,755,134,EPISTEMOLOGIA
915,756,119.4.19.2,NITEROI
916,757,119.4.19.3,SÃO FRANCISCO DE ITABAPOANA
917,758,119.4.19.4,MACAÉ
918,759,119.4.25.6,CAMPINAS
919,760,119200,VIETNÃ
920,762,0.40.6,BEISEBOL
921,763,0.89.21,LÉVI-STRAUSS
922,768,136,ARISTOCRACIA
923,769,137,FÉ
924,770,0.40.5,CAPOEIRA
925,771,064-1,BRINCADEIRA
926,772,119201,ERITRÉIA
927,773,119202,ÍNDIA
928,774,119203,CAMARÃO
929,775,138,PERFORMANCE
930,776,,
931,777,060.3.1.99,SUYA
932,778,139,HOMOSSEXUALIDADE
933,779,103.2,TRANSGÊNERO
934,780,103.2,TRANSGÊNERO-TRANSEXUAL
935,781,110.4,PESCA
936,782,060.3.100,BARÁ
937,783,,
938,784,37.2,ESCOLA
939,785,069.8,FOGO
940,786,069.9.1,PAISAGEM
941,787,069.9.2,TERRENO
