"nid","title","field_inicial","body"
"2320","NOVOS PROCEDIMENTOS PARA AS DEFESAS DE MESTRADO E DOUTORADO NA FFLCH-USP A PARTIR DE 23/03/2020","1","<p> </p>

<p>Tendo em vista a escala crescente das dificuldades no tocante às atividades presenciais dos docentes e funcionários, perante a pandemia do Corona Virus na cidade de São Paulo, venho pelo presente informar:</p>

<p><br />
1. A partir do dia 23/03/2020, todas as defesas, sem exceção, serão feitas exclusivamente à distância com a participação de 100% dos membros e do candidato.</p>

<p>2. A plataforma preferencial utilizada na FFLCH é o Whereby. Os funcionários terão como ""abrir"" as salas de suas residências, possibilitando o início da defesa. Outros meios como o Hangouts Meet do Google poderá ser utilizado. Todos os membros da banca devem utilizar a mesma plataforma. Caso não vá utilizar o Whereby, favor avisar com pelo menos 2 dias de antecedência.<br />
Anúnciopoderão ser utilizados, mas apenas uma plataforma será utilizada para todos os membros (ou todos no Whereby ou todos no Google Meet).</p>

<p>3. Ao final das arguições, o aluno ficará offline para as deliberações da banca. Este retornará online para a proclamação dos resultados. </p>

<p>4. Ao final, no mesmo dia da defesa, o resultado (aprovado/não aprovado) e o parecer da banca (se houver), deverá ser enviado para o email <a href=""mailto:posfflch@usp.br"">posfflch@usp.br</a>, que providenciará a Ata, que será assinada pelo Presidente da banca quando retornarem as atividades presenciais. O formulário em anexo deverá ser preenchido e enviado para o mesmo email em até 5 dias depois da defesa.</p>

<p>5. Se o aluno precisar de um comprovante da obtenção do título deverá solicitar no mesmo endereço do email, que lhe enviará um Certificado de Defesa.</p>

<p>6. Aquele orientador que não se sentir à vontade com a sessão online deverá, desde já, cancelar a defesa agendada, que será remarcada oportunamente. A Secretaria do Serviço de Pós-Graduação está conseguindo prorrogar o prazo de defesa até meados do mês de junho para os alunos que depositaram as teses entre janeiro e fevereiro de 2020 e tiverem suas defesas canceladas nesse período. Havendo a necessidade de um prazo maior, receberemos os pedidos após a normalização dos trabalhos presenciais.</p>

<p>Com essa abertura, esperamos evitar um grande número de cancelamentos de defesas, gerando um fluxo imprevisível e de difícil superação mais para a frente, quando tudo se normalizar. </p>

<p>Os canais para agendamento das defesas continua mesmo defesapos.fflch.usp.br (com cópia para a Regina - <a href=""mailto:posfflch@usp.br"">posfflch@usp.br</a>).</p>

<p>Fico à disposição de todos nesse difícil momento pelo qual todos passamos e que com certeza, iremos superar.</p>

<p><br />
Prof. Dr. Edelcio Gonçalves de Souza<br />
Presidente da CPG-FFLCH</p>

<hr />
<p> </p>
"
"2311","Informações sobre o novo Coronavírus (COVID-19)","1","<p>Prezadas e prezados,</p>

<p> </p>

<p><img alt="""" src=""http://filosofia.fflch.usp.br/sites/filosofia.fflch.usp.br/files/principal/temporario/coronacomunicadojpg.jpg"" style=""float:right; height:142px; margin:5px; width:150px"" />Recomendamos que todos consultem o site <a href=""http://coronavirus.usp.br"">http://coronavirus.usp.br</a>, criado pela Superintendência de Comunicação Social, e que contém informações sobre decisões e ações da Universidade sobre o tema, bem como orientações a respeito da prevenção em relação ao vírus. Insistimos que esse site deve ser visitado frequentemente, pois, em função da evolução da doença, as informações serão atualizadas continuamente.</p>

<div>
<p> </p>

<p>Comunicados Oficiais da FFLCH e da USP sobre o assunto: <a href=""https://www.fflch.usp.br/2155"">https://www.fflch.usp.br/2155</a></p>

<p> </p>

<p>Cruesp divulga comunicado sobre suspensão das aulas nas universidades a partir de 17/03: <br />
<a href=""https://jornal.usp.br/institucional/cruesp-divulga-comunicado-sobre-suspensao-das-aulas-nas-universidades-a-partir-de-17-03/"">https://jornal.usp.br/institucional/cruesp-divulga-comunicado-sobre-suspensao-das-aulas-nas-universidades-a-partir-de-17-03/</a></p>

<p> </p>

<p><strong>NOVO </strong><img alt="""" src=""http://filosofia.fflch.usp.br/sites/filosofia.fflch.usp.br/files/icones/atencao.png"" style=""height:14px; width:14px"" /> Comunicado da Reitoria sobre a suspensão de aulas presenciais, eventos, atividades culturais e de extensão:<br />
<a href=""https://jornal.usp.br/institucional/reitor-divulga-novas-medidas-de-restricao-sobre-coronavirus-para-comunidade-universitaria/"">https://jornal.usp.br/institucional/reitor-divulga-novas-medidas-de-rest...</a></p>

<p> </p>

<hr /></div>
"
"2292","Lançamento","1",""
"2291","Nota de Falecimento","2","<p class=""rtejustify""><strong>Pierre Aubenque (1929-2020)</strong></p>

<p class=""rtejustify""> </p>

<p class=""rtejustify""><img alt="""" src=""http://filosofia.fflch.usp.br/sites/filosofia.fflch.usp.br/files/docentes/memoria/pierre-aubenque.jpg"" style=""border-style:solid; border-width:5px; float:left; height:143px; margin:10px; width:200px"" />O Departamento anuncia, com grande tristeza, o falecimento do prof. Pierre Aubenque, ocorrido em 23 de Fevereiro de 2020. Pierre Aubenque foi um dos grandes intérpretes da filosofia de Aristóteles em língua francesa. Em 1962 publicou a sua tese principal de Doutorado de Estado, <em>O Problema do Ser em Aristóteles </em>(2012; tradução de Cristina Agostini e Dioclézio Faustino); no ano seguinte, é publicada sua tese complementar, <em>A Prudência em Aristóteles</em> (1963; tradução brasileira de Marisa Lopes em 2008; resenhado em <a href=""https://www1.folha.uol.com.br/fsp/resenha/rs1303200405.htm"">https://www1.folha.uol.com.br/fsp/resenha/rs1303200405.htm</a>). Ambos os livros têm uma forte influência de Heidegger, de quem Aubenque era um grande conhecedor. No primeiro, Aubenque insistiu na ideia que a metafísica era inacabada porque inacabável (daí seu interesse sobre a natureza da aporia e da dialética em Aristóteles); no segundo, pôs em evidência a função do prudente na determinação da ação correta no meio da circunstancialidade e da variabilidade em que ocorre a ação humana (donde seu interesse pela marca trágica do ato humano). Quando se tornou professor em Paris IV, passou a dirigir o Centro Léon Robin, tornando-o um centro de referência internacional, por onde passaram os mais importantes pesquisadores da filosofia de Aristóteles da época. Aclamado internacionalmente, era um leitor extremamente arguto e sensível, capaz de dar a expressões correntes da língua francesa um súbito estatuto metafísico. Fluente em diversas línguas (em especial no alemão), nunca cedeu às tentações de uma <em>língua franca</em>, pois via, como filósofo, uma conexão íntima entre reflexão e língua natural. Professor generoso, recebia com extrema cordialidade os jovens pesquisadores e doutorandos que se apresentavam em Paris IV. Em seus últimos cursos na Sorbonne, ao citar Heidegger certa vez, viu um aluno retirar-se da sala em protesto; fez então uma defesa da potência filosófica do pensamento heideggeriano, ao mesmo tempo em que reconhecia o lado sombrio da pessoa de Heidegger. Pierre Aubenque foi um dos grandes intelectuais franceses da metade final do século passado, representante por excelência de um estilo de erudição e análise filosófica cuja profundidade e elegância a atual atarefada filosofia acadêmica, obcecada com artigos e citações Google, mal é capaz de reconhecer.</p>

<p> </p>
"
"2269","CALOURADA E AULA INAUGURAL DO CURSO DE GRADUAÇÃO EM FILOSOFIA 2020","2","<p>Prezadas e prezados,</p>

<p>o Departamento de Filosofia e o Centro Acadêmico Professor João Cruz Costa convidam para a Calourada e Aula Inaugural do Curso de Graduação em Filosofia 2020:</p>

<p> </p>

<div class=""field field-name-field-imagem-de-divulga-o field-type-image field-label-hidden eventoimg"" style=""box-sizing: border-box; margin: 0px; padding: 0px; border: 0px; font-variant-numeric: inherit; font-variant-east-asian: inherit; font-stretch: inherit; font-size: 12.96px; line-height: inherit; font-family: ""Noto Sans""; vertical-align: baseline; color: rgb(81, 95, 92);"">
<div class=""field-items"" style=""box-sizing: border-box; margin: 0px; padding: 0px; border: 0px; font: inherit; vertical-align: baseline;"">
<div class=""field-item even"" style=""box-sizing: border-box; margin: 0px; padding: 0px; border: 0px; font: inherit; vertical-align: baseline;""><a href=""http://filosofia.fflch.usp.br/sites/filosofia.fflch.usp.br/files/eventos/2020/2020_calourada_filosofia_1.jpg"" style=""box-sizing: border-box; margin: 0px; padding: 0px; border: 0px; font: inherit; vertical-align: baseline; color: tomato; text-decoration-line: none;""><img alt="""" src=""http://filosofia.fflch.usp.br/sites/filosofia.fflch.usp.br/files/eventos/2020/2020_calourada_filosofia_1.jpg"" style=""background:rgb(240, 240, 240); border:1px solid lightgrey; box-shadow:none; box-sizing:border-box; float:left; font:inherit; height:auto; margin:0px 10px 0px 0px; max-width:100%; min-width:200px; outline:0px; padding:0px; vertical-align:baseline; width:200px"" /></a></div>

<div class=""field-item odd"" style=""box-sizing: border-box; margin: 0px; padding: 0px; border: 0px; font: inherit; vertical-align: baseline;""><a href=""http://filosofia.fflch.usp.br/sites/filosofia.fflch.usp.br/files/eventos/2020/2020_calourada_filosofia_2.jpg"" style=""box-sizing: border-box; margin: 0px; padding: 0px; border: 0px; font: inherit; vertical-align: baseline; color: rgb(105, 89, 145); text-decoration-line: none;""><img alt="""" src=""http://filosofia.fflch.usp.br/sites/filosofia.fflch.usp.br/files/eventos/2020/2020_calourada_filosofia_2.jpg"" style=""background:none; border:1px solid lightgrey; box-shadow:none; box-sizing:border-box; float:left; font:inherit; height:auto; margin:0px 10px 0px 0px; max-width:100%; min-width:200px; outline:0px; padding:0px; vertical-align:baseline; width:200px"" /></a></div>
</div>
</div>

<div class=""fieldset-wrapper"" style=""box-sizing: border-box; margin: 15px 0px 0px; padding: 0px 10px; border: 0px; font: inherit; vertical-align: baseline;"">
<div class=""field field-name-field-campo-extra field-type-text field-label-hidden"" style=""box-sizing: border-box; margin: 0px; padding: 0px; border: 0px; font: inherit; vertical-align: baseline;"">
<div class=""field-items"" style=""box-sizing: border-box; margin: 0px; padding: 0px; border: 0px; font: inherit; vertical-align: baseline;"">
<div class=""field-item even"" style=""box-sizing: border-box; margin: 0px; padding: 0px 0px 0px 25px; border: 0px; font-style: inherit; font-variant: inherit; font-weight: inherit; font-stretch: inherit; font-size: 14.256px; line-height: inherit; font-family: inherit; vertical-align: baseline; background-image: url(""http://filosofia.fflch.usp.br/sites/filosofia.fflch.usp.br/files/icones/calendario.png""); background-repeat: no-repeat; background-position: left center;"">DE 17 A 21/FEV/2020</div>
</div>
</div>

<div class=""field field-name-field-programa-o-do-evento field-type-file field-label-above"" style=""box-sizing: border-box; margin: 0px; padding: 0px; border: 0px; font: inherit; vertical-align: baseline;"">
<div class=""field-label"" style=""box-sizing: border-box; margin: 0px; padding: 0px; border: 0px; font-style: inherit; font-variant: inherit; font-weight: bold; font-stretch: inherit; font-size: inherit; line-height: inherit; font-family: inherit; vertical-align: baseline; background-repeat: no-repeat; background-position: left center;"">Cartaz e Programação do evento: </div>

<div class=""field-items"" style=""box-sizing: border-box; margin: 0px; padding: 0px; border: 0px; font: inherit; vertical-align: baseline;"">
<div class=""field-item even"" style=""box-sizing: border-box; margin: 0px; padding: 0px; border: 0px; font: inherit; vertical-align: baseline;""><img alt=""PDF icon"" class=""file-icon"" src=""http://filosofia.fflch.usp.br/modules/file/icons/application-pdf.png"" style=""border:0px; box-sizing:border-box; font:inherit; height:auto; margin:0px; max-width:100%; outline:0px; padding:0px; vertical-align:baseline"" title=""application/pdf"" /> <a href=""http://filosofia.fflch.usp.br/sites/filosofia.fflch.usp.br/files/eventos/2020/2020_calourada_filosofia.pdf"" style=""box-sizing: border-box; margin: 0px; padding: 0px; border: 0px; font: inherit; vertical-align: baseline; color: rgb(105, 89, 145); text-decoration-line: none;"" type=""application/pdf; length=2218705"">2020_calourada_filosofia.pdf</a><span style=""font-family:inherit; font-size:inherit""> </span></div>
</div>
</div>

<div class=""field field-name-field-org field-type-text field-label-above"" style=""box-sizing: border-box; margin: 0px; padding: 0px; border: 0px; font: inherit; vertical-align: baseline;"">
<div class=""field-items"" style=""box-sizing: border-box; margin: 0px; padding: 0px; border: 0px; font: inherit; vertical-align: baseline;"">
<div class=""field-item even"" style=""box-sizing: border-box; margin: 0px; padding: 0px; border: 0px; font: inherit; vertical-align: baseline;"">Coordenação: Prof. Alex de Campos Moura.</div>

<div class=""field-item even"" style=""box-sizing: border-box; margin: 0px; padding: 0px; border: 0px; font: inherit; vertical-align: baseline;"">Org.: Departamento de Filosofia e Centro Acadêmico Professor João Cruz Costa<br />
Maiores informações:  <a href=""http://filosofia.fflch.usp.br/eventos/2268"">http://filosofia.fflch.usp.br/eventos/2268</a></div>
</div>
</div>
</div>

<p> </p>

<hr />
<p> </p>

<div class=""field field-name-field-imagem-de-divulga-o field-type-image field-label-hidden eventoimg"" style=""box-sizing: border-box; margin: 0px; padding: 0px; border: 0px; font-variant-numeric: inherit; font-variant-east-asian: inherit; font-stretch: inherit; font-size: 12.96px; line-height: inherit; font-family: ""Noto Sans""; vertical-align: baseline; color: rgb(81, 95, 92);"">
<div class=""field-items"" style=""box-sizing: border-box; margin: 0px; padding: 0px; border: 0px; font: inherit; vertical-align: baseline;"">
<div class=""field-item even"" style=""box-sizing: border-box; margin: 0px; padding: 0px; border: 0px; font: inherit; vertical-align: baseline;""><a href=""http://filosofia.fflch.usp.br/sites/filosofia.fflch.usp.br/files/eventos/2020/2020_AULA_INAUGURAL.jpg"" style=""box-sizing: border-box; margin: 0px; padding: 0px; border: 0px; font: inherit; vertical-align: baseline; color: tomato; text-decoration-line: none;""><img alt="""" src=""http://filosofia.fflch.usp.br/sites/filosofia.fflch.usp.br/files/eventos/2020/2020_AULA_INAUGURAL.jpg"" style=""background:rgb(240, 240, 240); border:1px solid lightgrey; box-shadow:none; box-sizing:border-box; float:left; font:inherit; height:auto; margin:0px 10px 0px 0px; max-width:100%; min-width:200px; outline:0px; padding:0px; vertical-align:baseline; width:200px"" /></a></div>
</div>
</div>

<div class=""fieldset-wrapper"" style=""box-sizing: border-box; margin: 15px 0px 0px; padding: 0px 10px; border: 0px; font: inherit; vertical-align: baseline;"">
<div class=""field field-name-field-ministrantes field-type-text-long field-label-hidden"" style=""box-sizing: border-box; margin: 0px; padding: 0px; border: 0px; font: inherit; vertical-align: baseline;"">
<div class=""field-items"" style=""box-sizing: border-box; margin: 0px; padding: 0px; border: 0px; font: inherit; vertical-align: baseline;"">
<div class=""field-item even"" style=""box-sizing: border-box; margin: 0px; padding: 0px; border: 0px; font-style: inherit; font-variant: inherit; font-weight: inherit; font-stretch: inherit; font-size: 16.848px; line-height: inherit; font-family: inherit; vertical-align: baseline;"">AULA INAUGURAL DE FILOSOFIA 2020: A INVENÇÃO DO LEITOR</div>

<div class=""field-item even"" style=""box-sizing: border-box; margin: 0px; padding: 0px; border: 0px; font-style: inherit; font-variant: inherit; font-weight: inherit; font-stretch: inherit; font-size: 16.848px; line-height: inherit; font-family: inherit; vertical-align: baseline;"">Prof. Dr. Luiz Fernando Franklin de Mattos</div>
</div>
</div>

<div class=""field field-name-field-campo-extra field-type-text field-label-hidden"" style=""box-sizing: border-box; margin: 0px; padding: 0px; border: 0px; font: inherit; vertical-align: baseline;"">
<div class=""field-items"" style=""box-sizing: border-box; margin: 0px; padding: 0px; border: 0px; font: inherit; vertical-align: baseline;"">
<div class=""field-item even"" style=""box-sizing: border-box; margin: 0px; padding: 0px 0px 0px 25px; border: 0px; font-style: inherit; font-variant: inherit; font-weight: inherit; font-stretch: inherit; font-size: 14.256px; line-height: inherit; font-family: inherit; vertical-align: baseline; background-image: url(""http://filosofia.fflch.usp.br/sites/filosofia.fflch.usp.br/files/icones/calendario.png""); background-repeat: no-repeat; background-position: left center;"">QUINTA-FEIRA, 20/FEV/2020 às 19h00</div>
</div>
</div>

<div class=""field field-name-field-programa-o-do-evento field-type-file field-label-above"" style=""box-sizing: border-box; margin: 0px; padding: 0px; border: 0px; font: inherit; vertical-align: baseline;"">
<div class=""field-label"" style=""box-sizing: border-box; margin: 0px; padding: 0px; border: 0px; font-style: inherit; font-variant: inherit; font-weight: bold; font-stretch: inherit; font-size: inherit; line-height: inherit; font-family: inherit; vertical-align: baseline; background-repeat: no-repeat; background-position: left center;"">Cartaz e Programação do evento: </div>

<div class=""field-items"" style=""box-sizing: border-box; margin: 0px; padding: 0px; border: 0px; font: inherit; vertical-align: baseline;"">
<div class=""field-item even"" style=""box-sizing: border-box; margin: 0px; padding: 0px; border: 0px; font: inherit; vertical-align: baseline;""><img alt=""PDF icon"" class=""file-icon"" src=""http://filosofia.fflch.usp.br/modules/file/icons/application-pdf.png"" style=""border:0px; box-sizing:border-box; font:inherit; height:auto; margin:0px; max-width:100%; outline:0px; padding:0px; vertical-align:baseline"" title=""application/pdf"" /> <a href=""http://filosofia.fflch.usp.br/sites/filosofia.fflch.usp.br/files/eventos/2020/2020_AULA_INAUGURAL.pdf"" style=""box-sizing: border-box; margin: 0px; padding: 0px; border: 0px; font: inherit; vertical-align: baseline; color: rgb(105, 89, 145); text-decoration-line: none;"" type=""application/pdf; length=4908203"">2020_AULA_INAUGURAL.pdf</a></div>

<p> Maiores Informações: <a href=""http://filosofia.fflch.usp.br/eventos/2231"">http://filosofia.fflch.usp.br/eventos/2231</a></p>
</div>
</div>
</div>
"
"2221","Edital FFLCH/FLF nº 026/2019 - Professor Doutor História da Filosofia Moderna II","2","<p><span style=""font-size:14px"">Caras e caros,<img alt="""" src=""http://filosofia.fflch.usp.br/sites/filosofia.fflch.usp.br/files/icones/edital.png"" style=""float:right; height:150px; margin:10px; width:150px"" /></span></p>

<p> </p>

<p><span style=""font-size:14px"">estarão abertas inscrições para o concurso público de títulos e provas visando o provimento de 01 (um) cargo de Professor Doutor do Departamento de Filosofia, disciplina de <strong>História da Filosofia Moderna II</strong> da Faculdade de filosofia, Letras e Ciências Humanas da Universidade de São Paulo.</span></p>

<p> </p>

<p><span style=""font-size:14px""><strong>Período de Inscrição: </strong>06/01/2020 até 14/02/2020</span></p>

<p><span style=""font-size:14px""><img alt="""" src=""http://filosofia.fflch.usp.br/sites/filosofia.fflch.usp.br/files/icones/pdf_icon.gif"" style=""height:16px; width:16px"" /> <a href=""http://filosofia.fflch.usp.br/sites/filosofia.fflch.usp.br/files/editais%20e%20oportunidades/edital_flf_no_026-2019_-_historia_da_filosofia_moderna_ii.pdf"">Baixar edital</a><br />
<a href=""https://uspdigital.usp.br/gr/admissao"">+ Inscrições e maiores informações</a></span></p>
"
"2257","Nota de Falecimento","2","<p><big>Anna Carolina Krebs Pereira Regner (1947 – 2020)</big></p>

<p> </p>

<p class=""rtejustify""><img alt="""" src=""http://filosofia.fflch.usp.br/sites/filosofia.fflch.usp.br/files/docentes/memoria/aregner.jpg"" style=""border-style:solid; border-width:10px; float:left; height:280px; margin:10px; width:250px"" />Faleceu ao final de Janeiro deste ano a professora Anna Carolina Krebs Pereira Regner. Por longo tempo, ela atuou no Departamento de Filosofia da UFRGS; posteriormente, atuou no Departamento de Filosofia da UNISINOS. Professora infatigável, de grande generosidade, Anna Carolina, como era mais conhecida entre nós, marcou com um selo humano as por vezes muito ásperas e abstratas discussões em filosofia. Dedicou-se ao estudo da história e filosofia das ciências modernas. Neste âmbito encontrou seu primeiro grande filósofo, Paul Feyerabend, cujas ideias ela ajudou a disseminar em nosso meio acadêmico. Foi, contudo, seu encontro com Charles Darwin que marcou definitivamente sua carreira. Dedicou ao estudo da obra de Darwin todas as suas forças – e eram muitas, todas de grande competência. Ela dispunha de um conhecimento invejável dos meandros da teoria da evolução e de sua recepção contemporânea; quando atuou nos Estados Unidos como pesquisadora visitante, acompanhou com muito interesse a já virulenta disputa entre evolucionistas e criacionistas. Tudo o que tocava ganhava um toque de humanidade. Soube, assim, temperar seu entusiasmo pelo darwinismo estudando elementos retóricos e metafóricos na constituição da teoria da evolução, recolocando deste modo uma das mais geniais teorias científicas de nossa época em um diapasão humano de descoberta e invenção. Sempre atenta aos alunos e colegas, promovia reuniões e debates em proveito de todos, o que a levou naturalmente a ser membro fundador da Associação de Filosofia e História da Ciência do Cone Sul, bem como da Associação Brasileira de Filosofia e História da Biologia. Seu sorriso franco, sua paixão pela clareza e seu amor pelo conhecimento a tornavam inesquecível para todos os que tiveram o imenso prazer de conviver com ela.</p>

<p class=""rtejustify""> </p>

<p class=""rteright"">Prof. Marco Antônio de Àvila ZIngano</p>

<p class=""rteright""> </p>

<p class=""rteright""> </p>
"
"2249","Princeton-USP-Panamericana Consortium in Ancient Philosophy - Workshop on Aristotle Categories 8 - 15","2","<p>Entre os dias 17, 18 e 19 de janeiro de 2020, foi realizado no Departamento de Filosofia o evento ""Princeton-USP-Panamericana Consortium in Ancient Philosophy - Workshop on Aristotle Categories 8 - 15"" coordenado pelo Prof. Marco Antonio Zingano de Ávila.</p>

<table align=""center"" border=""0"" cellpadding=""10"" cellspacing=""0"" style=""width:100%"">
	<tbody>
		<tr>
			<td style=""border-color:rgb(255, 255, 255)""><img alt="""" src=""http://filosofia.fflch.usp.br/sites/filosofia.fflch.usp.br/files/principal/temporario/IMG_6314.JPG"" style=""width:80%"" /></td>
			<td style=""border-color:rgb(255, 255, 255)""><img alt="""" src=""http://filosofia.fflch.usp.br/sites/filosofia.fflch.usp.br/files/principal/temporario/IMG_6322.JPG"" style=""width:80%"" /></td>
			<td style=""border-color:rgb(255, 255, 255)""><img alt="""" src=""http://filosofia.fflch.usp.br/sites/filosofia.fflch.usp.br/files/principal/temporario/IMG_6334.JPG"" style=""width:80%"" /></td>
		</tr>
	</tbody>
</table>

<p><strong>Reading Aristotle Across the Americas</strong></p>

<p class=""rtejustify"">For three days, from January 17 to 19, 2020, a delegation of two faculty members and eight graduate students of Princeton's Program in Classical Philosophy was in São Paulo to discuss the second half of Aristotle's foundational work Categories with faculty members and graduate students from Universidade de São Paulo (USP) and Universidad Panamericana in Mexico. Everyone learned a lot, and an excellent time was had by all participants, thanks to the outstanding hospitality of the workshop's wonderful hosts at USP. This was the second installment of a three-year initiative that is partly funded by a Global Collaborative Network grant from the Office of the Associate Provost for International Affairs and Operations. The workshop was organized by Professors Marco Zingano at USP, Brazil LAB associate Hendrik Lorenz at Princeton, and María Elena García Pelaez Cruz at Universidad Panamericana.   </p>
"
"2233","Goiânia receberá o XIX Encontro da Anpof em 2020","2","<p> </p>

<div class=""media_embed"" height=""315px"" width=""560px""><iframe frameborder=""0"" height=""315px"" src=""https://www.youtube.com/embed/XQM2mkAnbmI"" width=""560px""></iframe></div>

<p> </p>
"
"2207","Resultado da eleição de Representante Discente de Filosofia - 2019","2","<p><img alt="""" src=""http://filosofia.fflch.usp.br/sites/filosofia.fflch.usp.br/files/principal/temporario/representante_discente_2019.jpg"" style=""width:80%"" /></p>
"
"2196","A importância da França para as Ciências Humanas e a Filosofia no Brasil","2","<p class=""rtejustify""><strong>Heitor Shimizu, de Lyon | Agência FAPESP </strong> – As estreitas relações entre Brasil e França no ensino e na pesquisa em Filosofia foram destacadas pelos participantes de uma sessão de palestras ocorrida durante a FAPESP Week France.<img alt="""" src=""http://filosofia.fflch.usp.br/sites/filosofia.fflch.usp.br/files/principal/temporario/photo.jfif"" style=""float:right; height:190px; margin:20px; width:295px"" /></p>

<p class=""rtejustify"">“Não podemos deixar de reconhecer que as Ciências Humanas e a Filosofia no Brasil estão fortemente ligadas com a França em sua origem. Desde a criação da primeira universidade pública em São Paulo, em 1934 [Universidade de São Paulo], seus fundadores entenderam que, sem contribuições de centros universitários mais bem estabelecidos, seria impossível superar a distância cultural que nos separava desses centros e alcançar o ideal de modernização do Brasil, para o qual a abertura de universidades foi decisiva”, disse <strong><a href=""https://bv.fapesp.br/pt/pesquisador/90903/sergio-cardoso"" target=""_blank"">Sérgio Cardoso</a></strong>, professor da Faculdade de Filosofia, Letras e Ciências Humanas da Universidade de São Paulo (FFLCH-USP).</p>

<p class=""rtejustify""><strong>+</strong> <strong><a href=""http://agencia.fapesp.br/a-importancia-da-franca-para-as-ciencias-humanas-e-a-filosofia-no-brasil/32012/"" target=""_blank"">LEIA MAIS</a></strong></p>

<p class=""rtejustify""> </p>

<p class=""rtejustify"">Este texto foi originalmente publicado por <a href=""http://agencia.fapesp.br/"">Agência FAPESP</a> de acordo com a <a href=""https://creativecommons.org/licenses/by-nd/4.0/"">licença Creative Commons CC-BY-NC-ND</a>. </p>

<p> </p>
"
"2143","5º Prêmio ABEU (2019)","2","<p><img alt="""" src=""http://filosofia.fflch.usp.br/sites/filosofia.fflch.usp.br/files/principal/temporario/conheca-os-finalistas-do-5-premio-abeu-3833257.jpg"" style=""float:left; width:50%"" />A Associação Brasileira de Editoras Universitárias divulgou nesta terça-feira, 1º de outubro, os finalistas do 5º Prêmio ABEU. Essa premiação objetiva incentivar a qualificação das edições das casas editoriais universitárias, bem como fomentar a produção técnico-científica, em relação tanto à excelência dos conhecimentos veiculados pelos títulos quanto à concepção estética das edições. Um dos finalistas à categoria de Ciências Humanas é o livro <em><strong>A cadeia secreta: Diderot e o romance filosófico</strong></em> do Professor Titular do Departamento de Filosofia <strong>Luíz Fernando Franklin de Mattos </strong>publicado pela Editora Unesp. Também finalista do prêmio na categoria Tradução, está a obra de <strong>René Descartes, Discurso do método & Ensaios,</strong> organizada, editada e introduzida pelo Professor Titular do Departamento de Filosofia da USP <strong>Pablo Rubén Mariconda</strong>, presidente da Scientiae Studia.</p>

<p><strong>Os vencedores de cada categoria serão conhecidos durante a cerimônia de entrega do Prêmio, no dia 22 de novembro, às 18h, no teatro da Unibes Cultural, R. Oscar Freire, 2500, Sumaré, São Paulo, SP.</strong></p>

<p>Saiba mais sobre a premiação: <a href=""https://www.abeu.org.br/farol/abeu/blog/abeu/conheca-os-finalistas-do-5-premio-abeu/77007"">https://www.abeu.org.br/farol/abeu/blog/abeu/conheca-os-finalistas-do-5-premio-abeu/77007</a></p>

<p>Saiba mais sobre as obras:</p>

<p><strong>- A cadeia secreta - Diderot e o romance filosófico</strong>: <a href=""http://editoraunesp.com.br/catalogo/9788539307296,a-cadeia-secreta"">http://editoraunesp.com.br/catalogo/9788539307296,a-cadeia-secreta</a><br />
<strong>- Discurso do método & Ensaios:</strong> <a href=""http://editoraunesp.com.br/blog/obra-capital-de-descartes-ganha-traducao-acrescida-dos-ensaios-originais"">http://editoraunesp.com.br/blog/obra-capital-de-descartes-ganha-traducao-acrescida-dos-ensaios-originais</a></p>
"
"2141","Resultado da eleição discente","2","<p>Caras e Caros</p>

<p>A título de informação, segue abaixo a mensagem que acabo de enviar aos pós-graduandos pelo sistema de votação usp. também segue tabela do resultado.</p>

<p> Caras pós-graduandas e caros pós-graduandos</p>

<p>Segue o resultado da eleição  dos representantes discentes de pós-graduação junto a Comissão de Gestão - CG PROEX do Programa de Pós-Graduação em Filosofia da Faculdade de Filosofia, Letras e Ciências Humanas da USP.</p>

<p>De acordo com os critérios estabelecidos no edital, a composição dos membros será:</p>

<p>Ricardo Mari Neto - Número USP: 9169982 - Titular<br />
Gabriel Petrechen Kugnharski  -Número USP: 9186599 - Suplente</p>

<p><strong>Apuração</strong></p>

<p>Eleição dos representantes discentes de pós-graduação junto a Comissão de Gestão - CG PROEX do Programa de Pós-Graduação em Filosofia da Faculdade de Filosofia, Letras e Ciências Humanas da USP</p>

<p> </p>

<table border=""1"" cellpadding=""0"" cellspacing=""0"" style=""width:86.72%"">
	<tbody>
		<tr>
			<td style=""width:91.7%"">
			<p>Ricardo Mari Neto -Número USP: 9169982</p>
			</td>
			<td style=""width:7.08%"">
			<p><strong>41</strong></p>
			</td>
		</tr>
		<tr>
			<td style=""width:91.7%"">
			<p>Gabriel Petrechen Kugnharski-Número USP: 9186599</p>
			</td>
			<td style=""width:7.08%"">
			<p><strong>26</strong></p>
			</td>
		</tr>
		<tr>
			<td style=""width:91.7%"">
			<p>Lutti Mira Salineiro-Número USP: 8983360</p>
			</td>
			<td style=""width:7.08%"">
			<p><strong>26</strong></p>
			</td>
		</tr>
		<tr>
			<td style=""width:91.7%"">
			<p>Branco</p>
			</td>
			<td style=""width:7.08%"">
			<p>27</p>
			</td>
		</tr>
		<tr>
			<td style=""width:91.7%"">
			<p>NULO</p>
			</td>
			<td style=""width:7.08%"">
			<p>0</p>
			</td>
		</tr>
		<tr>
			<td style=""width:91.7%"">
			<p>BRANCO</p>
			</td>
			<td style=""width:7.08%"">
			<p>47</p>
			</td>
		</tr>
	</tbody>
</table>
"
"2136","Inscritos para representantes discentes de pós-graduação para compor a Comissão de Gestão - CG PROEX","2","<p><img alt="""" src=""http://filosofia.fflch.usp.br/sites/filosofia.fflch.usp.br/files/icones/pdf_icon.gif"" style=""height:16px; width:16px"" /> <a href=""http://filosofia.fflch.usp.br/sites/filosofia.fflch.usp.br/files/posgraduacao/eleicoes/comunicado%20inscritos%20para%20representante%20discente%2002-2019.pdf"" target=""_blank"">Baixar comunicado</a></p>

<p>Nos termos da portaria nº 02/2019, de 20/09/2019, comunicamos as inscrições deferidas:</p>

<p><strong>Inscrição por chapa:</strong></p>

<ul>
	<li>Nome completo (titular): Gabriel Petrechen Kugnharski - Número USP: 9186599<br />
	Nome completo (suplente): Lutti Mira Salineiro - Número USP: 8983360</li>
</ul>

<p><strong>Inscrição Individual:</strong></p>

<ul>
	<li>Nome completo (titular): Ricardo Mari Net - Número USP: 9169982</li>
</ul>
"
"2134","Edital de Eleição para Representante Discente da Pós-graduação - PORTARIA CCP/USP Nº 002/2019, de 20/09/2019","2","<p><img alt="""" src=""http://filosofia.fflch.usp.br/sites/filosofia.fflch.usp.br/files/icones/pdf_icon.gif"" style=""height:16px; width:16px"" /> <a href=""http://filosofia.fflch.usp.br/sites/filosofia.fflch.usp.br/files/posgraduacao/eleicoes/edital%20representante%20discente.pdf"">Baixar portaria</a></p>

<p> </p>

<div class=""rtejustify""><big><strong>PORTARIA CCP/USP Nº 002/2019, de </strong>20/09/2019.</big></div>

<div class=""rtejustify""> </div>

<div class=""rtejustify rteindent3"">Dispõe sobre a eleição dos <strong>representantes discentes de pós-graduação </strong>para compor a Comissão de Gestão -  CG PROEX do Programa de Pós-Graduação em Filosofia da Faculdade de Filosofia, Letras e Ciências Humanas da USP.<br />
 </div>

<div class=""rtejustify"">A Coordenação do Programa de Pós-Graduação em Filosofia da Faculdade de Filosofia, Letras e Ciências Humanas - FFLCH, usando de suas atribuições legais, baixa a seguinte<br />
<strong>Portaria:</strong><br />
<strong>Artigo 1º </strong>- A escolha desta representação discente de pós-graduação processar-se-á, nos termos da Seção II do Capítulo II do Regimento Geral, em uma única fase, <strong>no dia </strong>25/09/2019<strong> das</strong> 10 <strong>h às </strong>22 <strong>h, </strong>por meio de sistema eletrônico de votação e totalização de votos.<br />
<strong>Artigo 2º</strong> - A eleição será supervisionada por Comissão Eleitoral, composta paritariamente por 01 docente, 01 funcionário e 01 discente de pós-graduação.<br />
<strong>§ Único - </strong>A Comissão Eleitoral será composta por: Prof. Dr. Carlos Eduardo de Oliveira, Marie Márcia Pedroso e Daniel Arvage Nagase.<br />
<strong>Artigo 3º </strong>- Poderão votar e ser votados os alunos regularmente matriculados no Programa de Pós-Graduação em Filosofia da FFLCH-USP.<br />
<strong>Artigo 4º</strong> - Os assentos a serem preenchidos na Comissão Gestão – CG PROEX são:</div>

<ul>
	<li class=""rtejustify"">01 representante discente de pós-graduação (titular)</li>
	<li class=""rtejustify"">01 representante discente de pós-graduação (suplente)</li>
</ul>

<div class=""rtejustify""><strong>Artigo 5º</strong> - O eleitor poderá votar, no máximo, no número de alunos especificados no artigo 4º desta Portaria, dentre seus pares.<br />
<strong>Artigo 6º </strong>- Cessará o mandato do representante discente que deixar de ser aluno regular de pós-graduação no Programa de Pós-Graduação em Filosofia.<br />
 <br />
<strong>DA INSCRIÇÃO</strong><br />
<strong>Artigo 7º </strong>- O pedido de inscrição individual ou por chapa dos candidatos, formulado por meio de requerimento <em>on-line</em> pelo endereço eletrônico <a href=""http://filosofia.fflch.usp.br/posgraduacao/eleicaodiscente"">http://filosofia.fflch.usp.br/posgraduacao/eleicaodiscente</a>, no período de 23 a 24 de setembro de 2019 até às 18hs do dia 24/09/2019.<br />
<strong>§ 1º</strong> - Os pedidos de inscrição que estiverem de acordo com as normas estabelecidas por esta Portaria serão deferidos pela Coordenação do Programa de Pós-Graduação em Filosofia.<br />
<strong>§ 2º</strong> - O quadro dos candidatos cuja inscrição tiver sido deferida será divulgado na página <a href=""http://www.filosofia.fflch.usp.br/"">www.filosofia.fflch.usp.br</a>  a partir 19 hs de  24/09/2019.<br />
<strong>§ 3º</strong> - Os nomes nas cédulas serão exibidos por ordem alfabética dos candidatos.<br />
 <br />
<strong>DA VOTAÇÃO E TOTALIZAÇÃO ELETRÔNICA</strong><br />
 <br />
<strong>Artigo 8º </strong>- O Sistema de Votação da USP encaminhará aos eleitores, no dia 25/09/2019 em seu e-mail principal cadastrado nos Sistemas USP, o endereço eletrônico do sistema de votação e a senha de acesso com a qual o eleitor poderá exercer seu voto.<br />
<strong>§ 1º </strong>- Os alunos de pós-graduação deverão estar com endereço principal cadastrado no Sistema Janus atualizado, o que é de responsabilidade do próprio eleitor.<br />
<strong>Artigo 9º </strong>- O sistema eletrônico contabilizará cada voto, assegurando-lhe o sigilo e a inviolabilidade.<br />
 <br />
<strong>DOS RESULTADOS</strong><br />
 <br />
<strong>Artigo 10</strong> - A totalização dos votos da eleição será divulgada na página filosofia.fflch.usp.br, no dia 26/09/2019, a partir das 14hs sendo considerados eleitos os candidatos mais votados.<br />
<strong>Artigo 11</strong> - Ocorrendo empate de votos, serão obedecidos, sucessivamente, os seguintes critérios de desempate:<br />
I - o aluno mais idoso;<br />
II - o maior tempo de matrícula na USP.<br />
<strong>Artigo 12</strong> - Dos resultados da eleição cabe recurso, sem efeito suspensivo, no prazo de três dias úteis, após a divulgação referida no artigo 10 <em>supra</em>.<br />
<strong>§ 1º</strong> - O recurso a que se refere o <em>caput</em> deste artigo deverá ser encaminhado à Coordenação do Programa de Pós-Graduação, até às 17 hs do dia 26/09/2019 e será decidido pela Coordenação.<br />
<strong>§ 2º</strong> - A decisão sobre os eventuais recursos será divulgada na página <a href=""http://www.filosofia.fflch.usp.br/"">www.filosofia.fflch.usp.br</a>, no dia 26/09/2019.<br />
<strong>§ 3º - </strong>O mandato dos eleitos acompanhará o mandato da Coordenação de Pós-Graduação em Filosofia.<br />
<strong>Artigo 13</strong> - Os casos omissos nesta Portaria serão resolvidos pela Comissão Coordenadora do Programa.<br />
<strong>Artigo 14</strong> - Esta Portaria entra em vigor na data de sua divulgação.<br />
 <br />
 </div>

<div class=""rteright""><strong>São Paulo, 20 de setembro de 2019</strong></div>
"
"2127","Em celebração aos 90 anos do Professor Newton da Costa","2","<p class=""rtejustify"">Segunda-feira, dia 16/09/2019, o Departamento de Filosofia e o Departamento de Línguística organizaram a ""<a href=""http://filosofia.fflch.usp.br/eventos/2125"">JORNADA EM COMEMORAÇÃO AOS 90 ANOS DO PROFESSOR NEWTON DA COSTA</a>"" com a participação dos docentes Cassiano Terra Rodrigues (ITA), Edelcio Gonçalves (Filosofia/USP), Jean-Yves Beziau (UFRJ), Julio Stern (IME/USP), Marcelo Finger (IME/USP), Marcos Lopes (Linguística/USP) e Rodrigo Bacellar (Filosofia/USP). Também em razão dessa celebração, o professor Jean-Yves Beziau (UFRJ) cuidou de coletar felicitações (disponível em: <a href=""https://sites.google.com/view/nca90/happy-birthday"" target=""_blank"">https://sites.google.com/view/nca90/happy-birthday</a>) de colegas e amigos que trilharam o caminho junto ao professor em ao longo de sua história de vida. Em resposta a este gesto, seguem-se as palavras de agradecimento do professor Newton:</p>

<p class=""rtejustify""> </p>

<blockquote>
<p class=""rtejustify"">Como Professor do Departamento de Filosofia da USP, atuei vários anos, que foram os mais felizes de minha vida de professor e de pesquisador. Isto se deu pelas mais diversas razões, dentre as quais destaco as seguintes: 1) O excelente nível de meus colegas de departamento e a boa vontade que sempre tiveram para com minha pessoa; 2) Os numerosos alunos e discípulos que tive a honra de ter e que nos conduziu a um excelente grau de ensino e de pesquisa em lógica e teoria da ciência, com repercussão internacional; 3) O papel desempenhado por muitos dos egressos de nossa pós-graduação em várias instituições brasileiras e do exteior, no tocante à filosofia da ciência e à lógica.</p>

<p class=""rtejustify"">Costumo dizer que minha estada em nosso Departamento de Filosofia foi, para mim, como que um sonho, tornando possível que eu concretizasse muitos do que tenho realizado em lógica e em filosofia da ciência.</p>

<p class=""rtejustify"">Quero agradecer ao amigo e ex-orientando Edelcio de Souza e a todos que tornaram esta reunião possível, a qual muito me comoveu.</p>

<p class=""rtejustify"">Que nosso Departamento continue sendo para muitos o que foi para mim: ajudou-me a transformar muitos de meus sonhos em realidades, como diria Pierre Curie, quem afirmou: <em>""Pour faire de la science, il faut faire de la vie un rêve et d'un rêve réalité""</em>.</p>

<p class=""rteright"">     Muito obrigado.</p>

<p class=""rteright""> </p>

<p class=""rteright"">     Newton C. A. da Costa</p>
</blockquote>
"
"2049","Nota de falecimento da Profa. Diva Bárbaro Damato ","2","<p class=""rtejustify""><img alt="""" src=""http://filosofia.fflch.usp.br/sites/filosofia.fflch.usp.br/files/docentes/memoria/diva-barbaro-damato.jpg"" style=""float:left; margin-left:10px; margin-right:10px; width:150px"" />Em 08/07/2019, faleceu Diva Bárbaro Damato, professora aposentada do Departamento de Letras Modernas de nossa Faculdade. Durante vários anos, nas décadas de 70 e 80, Diva foi uma das docentes responsáveis por ministrar as disciplinas Francês Instrumental I e II em nosso Departamento. Naquele momento, a bibliografia de nosso curso ainda era, em virtude da própria história da fundação da Faculdade, predominantemente em Francês, o que fez dessas disciplinas, embora optativas, motivo de grande interesse e procura pelos estudantes. Assim que saíam do primeiro ano, cumpridas suas disciplinas obrigatórias, a maioria deles se matriculava nessas duas matérias, para adquirir alguma desenvoltura na leitura dos textos, não somente de comentadores, como também de vários filósofos, visto que naquela época poucas eram ainda as boas traduções de muitos de seus textos. E o que conseguiam, muitas vezes, mais do que domínio instrumental de uma língua estrangeira, era uma experiência viva e vibrante de ensino e aprendizado. Dotada de notável memória, Diva, embora diante de classes numerosas, dirigia-se a todos os seus alunos pelo nome. Sabia distinguir e levar em conta suas diferentes capacidades de apreensão da língua, dando a todos, na medida do possível, tratamento específico. Era mestra em aliar, ao processo inevitavelmente técnico e possivelmente enfadonho de transmissão de regras gramaticais e expressões idiomáticas, comentários atraentes e bem-humorados sobre a cultura francesa, sempre em associação ao texto que então se lia em sala de aula. Suas aulas eram ao mesmo tempo sistemáticas, sérias e agradáveis. Percebia-se, em suma, seu amor pelo ensino. Este Departamento tem, para com ela, uma dívida de gratidão.</p>

<p> </p>
"
"2045","Dinter em Filosofia realiza seminário de pesquisa em SP","2","<p class=""rtejustify""><img alt="""" src=""http://filosofia.fflch.usp.br/sites/filosofia.fflch.usp.br/files/principal/temporario/dinter.png"" style=""float:left; margin-left:10px; margin-right:10px; width:50%"" />O doutorado interinstitucional (Dinter) em Filosofia, entre Ufac e Universidade de São Paulo (USP), realizou o 2º Seminário de Pesquisa, de 24 a 28 de junho, na Faculdade de Filosofia, Letras e Ciências Humanas da USP. Foram apresentados trabalhos de pesquisa (projetos de tese) dos doutorandos, com a presença e participação dos professores do programa.</p>

<p class=""rtejustify"">Para os coordenadores do Dinter, Carlos Eduardo de Oliveira (USP) e João Silva Lima (Ufac), essa atividade foi marcada pelo comprometimento e seriedade acadêmica de todos, elevando ainda mais as expectativas e os compromissos com o programa interinstitucional apoiado pela Coordenação de Aperfeiçoamento de Pessoal de Nível Superior (Capes).</p>
"
"2008","Edital do Programa de Pós-Graduação em Filosofia para ingresso no Ano de 2020","2","<p>Caros(as) interessados(as),</p>

<p>já se encontra disponível o Edital do Programa de Pós-Graduação em Filosofia para ingresso no Ano de 2020</p>

<p><strong>Saiba mais:</strong> <a href=""http://filosofia.fflch.usp.br/posgraduacao/processoseletivo"">http://filosofia.fflch.usp.br/posgraduacao/processoseletivo</a></p>
"
"1996","Aluno de pós-graduação em Filosofia lança livro de contos premiado no Programa Nascente","2","<p>Lançamento da obra <em>Um corpo divisível </em>de Paulo Abe, uma autoficção sobre ser gêmeo. Em 2018, com a inscrição de 4 dos 10 textos do livro, o autor foi um dos vencedores na categoria Texto da 27ª edição do Programa da Pró-Reitoria de Cultura e Extensão Universitária.</p>

<p><strong>Obra: </strong>Um corpo divisível<br />
<strong>Autor:</strong> PAULO ABE<br />
<strong>Editora Penalux</strong></p>

<p><img alt="""" src=""http://filosofia.fflch.usp.br/sites/filosofia.fflch.usp.br/files/principal/temporario/pauloabe.jpg"" style=""width:70%"" /></p>

<p>O evento de lançamento do livro Um corpo divisível, Editora Penalux, acontece na próxima segunda-feira, dia 24 de junho, às 18h, na Casa Elefante, localizada na Rua Dr. Cesário Mota Júnior, 277 – sobreloja – Vila Buarque, São Paulo (próxima às estações República e Santa Cecília do metrô).</p>

<p><strong>Saiba mais:</strong> <a href=""https://www.fflch.usp.br/1468"">https://www.fflch.usp.br/1468</a></p>
"
"1985","Circ.CoPGr/48/2019  e Circ. CoPGr/49/2019","2","<p><strong>A pedido do Prof. Carlos G. Carlotti Jr., Pró-Reitor de Pós-Graduação da USP, segue comunicado do Comitê Gestor do Programa Institucional de Internacionalização - CAPES – PrInt e os Resultados Preliminares dos Editais do PrInt nas Circulares (Circ.CoPGr/48/2019  e Circ. CoPGr/49/2019). </strong></p>

<p><img alt="""" src=""http://filosofia.fflch.usp.br/sites/filosofia.fflch.usp.br/files/icones/pdf_icon.gif"" style=""height:16px; width:16px"" /> <a href=""http://filosofia.fflch.usp.br/sites/filosofia.fflch.usp.br/files/print/CircularCoPGr_482019_Print.pdf"">Circ.CoPGr/48/2019</a><br />
<img alt="""" src=""http://filosofia.fflch.usp.br/sites/filosofia.fflch.usp.br/files/icones/pdf_icon.gif"" style=""height:16px; opacity:0.9; width:16px"" /> <a href=""http://filosofia.fflch.usp.br/sites/filosofia.fflch.usp.br/files/print/CircularCoPGr_492019_Print_Resultado_Parcial.pdf"">Circ. CoPGr/49/2019</a></p>

<p> </p>

<p><strong>Disponível em: </strong></p>

<ul>
	<li><a href=""https://sites.usp.br/print/"">https://sites.usp.br/print/</a></li>
	<li>links: <a href=""http://www.prpg.usp.br/attachments/article/5793/CircularCoPGr_482019_Print.pdf"">http://www.prpg.usp.br/attachments/article/5793/CircularCoPGr_482019_Pri...</a></li>
	<li><a href=""http://www.prpg.usp.br/attachments/article/5795/CircularCoPGr_492019_Print_Resultado_Parcial.pdf"">http://www.prpg.usp.br/attachments/article/5795/CircularCoPGr_492019_Pri...</a></li>
</ul>
"
"1964","Circ.CoPGr/47/2019 - Resultados e Instruções PDSE - 10/06/2019","2","<p>Aos alunos selecionados para o programa PDSE - PrInt/USP 2019, </p>

<p>a Pró-Reitoria de Pós-graduação comunica em circular informações para adequação, quando for o caso, das bolsas selecionadas. Aos que tiverem pendências, entrar em contato com o Departamento de Filosofia.</p>

<p><br />
<img alt="""" src=""http://filosofia.fflch.usp.br/sites/filosofia.fflch.usp.br/files/icones/pdf_icon.gif"" style=""height:16px; width:16px"" /> <a href=""http://filosofia.fflch.usp.br/sites/filosofia.fflch.usp.br/files/print/ComunicadoPDSE.pdf"">Comunicado</a></p>

<p><br />
<a href=""http://www.prpg.usp.br/attachments/article/5787/CircularCoPGr_472019_Print.pdf"">http://www.prpg.usp.br/attachments/article/5787/CircularCoPGr_472019_Pri...</a><br />
<a href=""https://sites.usp.br/print/"">https://sites.usp.br/print/</a></p>

<p>Para maiores esclarecimentos entrar em contato pelo e-mail <a href=""mailto:print@usp.br"">print@usp.br</a></p>
"
"1914","Comunicado CAPES sobre ajuste de bolsas do PrInt/USP","2","<p>a quem possa interessar,</p>

<p>em Ofício à Pró-Reitoria de Pós-Graduação, a CAPES comunicou alterações no cronograma de execução do Programa de Internacionalização que poderão ocasionar ajustes, ou mesmo inviabilizar candidaturas em Editais PrInt/USP. Consulte comunicado:</p>

<p><img alt="""" src=""http://filosofia.fflch.usp.br/sites/filosofia.fflch.usp.br/files/icones/pdf_icon.gif"" style=""height:16px; width:16px"" /> <a href=""http://filosofia.fflch.usp.br/sites/filosofia.fflch.usp.br/files/print/Comunicado_CAPESPRINT_Ajuste%20de%20bolsas.pdf"" target=""_blank"">Comunicado</a> </p>

<p><a href=""http://www.prpg.usp.br/attachments/article/5763/Comunicado_CAPESPRINT_Ajuste%20de%20bolsas.pdf"">http://www.prpg.usp.br/attachments/article/5763/Comunicado_CAPESPRINT_Ajuste%20de%20bolsas.pdf</a> <br />
<a href=""https://sites.usp.br/print/"">https://sites.usp.br/print/</a></p>

<p>Para maiores esclarecimentos entrar em contato pelo e-mail <a href=""mailto:print@usp.br"">print@usp.br</a></p>

<p><a href=""http://filosofia.fflch.usp.br/sites/filosofia.fflch.usp.br/files/principal/temporario/capesprint1.jpg"" target=""_blank""><img alt="""" src=""http://filosofia.fflch.usp.br/sites/filosofia.fflch.usp.br/files/principal/temporario/capesprint1.jpg"" style=""float:left; margin-bottom:10px; margin-top:10px; width:20%"" /></a> <a href=""http://filosofia.fflch.usp.br/sites/filosofia.fflch.usp.br/files/principal/temporario/capesprint3.jpg"" target=""_blank""><img alt="""" src=""http://filosofia.fflch.usp.br/sites/filosofia.fflch.usp.br/files/principal/temporario/capesprint3.jpg"" style=""margin-bottom:10px; margin-top:10px; width:20%"" /></a><a href=""http://filosofia.fflch.usp.br/sites/filosofia.fflch.usp.br/files/principal/temporario/capesprint2.jpg"" target=""_blank""><img alt="""" src=""http://filosofia.fflch.usp.br/sites/filosofia.fflch.usp.br/files/principal/temporario/capesprint2.jpg"" style=""float:left; margin-bottom:10px; margin-top:10px; width:20%"" /></a></p>
"
"1907","Circ.CoPGr/41/2019","2","<p><img alt="""" src=""http://filosofia.fflch.usp.br/sites/filosofia.fflch.usp.br/files/icones/pdf_icon.gif"" style=""height:16px; width:16px"" /> <strong><a href=""http://filosofia.fflch.usp.br/sites/filosofia.fflch.usp.br/files/print/Comunicado_15052019_%20Comunidade%20USP.pdf"">Circ.CoPGr/41/2019  </a>  </strong></p>

<p> </p>

<p class=""rtejustify""><strong>Circ.CoPGr/41/2019                                                                              São Paulo, 15 de maio de 2019.</strong></p>

<p class=""rtejustify""><strong>CGCJ/lzp</strong></p>

<p class=""rtejustify"">  </p>

<p class=""rtejustify""><strong>À Comunidade de Pós-Graduação da USP,</strong></p>

<p class=""rtejustify""> </p>

<p class=""rtejustify"">Com o objetivo de manter toda a nossa comunidade informada sobre assuntos relevantes, faço os seguintes esclarecimentos:</p>

<p class=""rtejustify""><strong>01 – Bolsas CAPES</strong></p>

<p class=""rtejustify"">Para os Programas com conceitos 3, 4 e 5, as bolsas que aguardavam indicações de bolsistas no mês de maio de 2019 não mais constam no sistema, esta ação representou para a USP a suspensão de 146 de bolsas de mestrado e 183 de doutorado, 329 bolsas no total. Para os próximos meses as substituições de bolsistas poderão ocorrer sem restrições, mas recomendo que os coordenadores adequem as saídas e entradas de bolsistas.</p>

<p class=""rtejustify"">A CAPES financia atualmente na USP cerca de 7768 bolsas e contamos ainda com aproximadamente 2646 bolsas da FAPESP e 2584 do CNPq, total de 12998 bolsas.</p>

<p class=""rtejustify"">Não haverá redução de bolsas em Programas com conceitos 6 e 7;</p>

<p class=""rtejustify"">Segundo informação de documento do Foprop (Fórum de Pró-reitores), após reunião com a Capes na última semana, mas ainda não oficializada, os Programas com conceitos 3 e 4 poderão ter novos cortes, mas estamos aguardando confirmação.</p>

<p class=""rtejustify""><strong>02 – Custeio CAPES</strong></p>

<p class=""rtejustify"">Não haverá redução do PROAP e do PROEX, provavelmente a transferência será realizada em duas parcelas, sendo a primeira neste mês e a segunda no segundo semestre de 2019, considerando que o PROAP foi prorrogado.</p>

<p class=""rtejustify""><strong>03 – Convênio PrInt USP/CAPES</strong></p>

<p class=""rtejustify"">No mesmo documento do Foprop citado acima, foi ventilada a diminuição do valor atual do Print, mas a informação é preliminar e aguardamos confirmação da Capes provavelmente até o final desta semana. Os editais do PrInt que seriam divulgados pela PRPG esta semana aguardarão a posição da agencia.</p>

<p class=""rtejustify"">Reitero, como fiz em comunicado anterior, que os alunos que estão recebendo bolsas não sofrerão nenhuma suspensão de pagamento.</p>

<p class=""rtejustify"">A PRPG reconhece a tradicional posição de destaque da Capes no financiamento e avaliação da Pós-graduação no Brasil e tem mantido contato frequente com a agencia para demonstrar a importância da manutenção do financiamento do setor.</p>

<p class=""rtejustify"">A manutenção do fomento para a Pós-Graduação é o objetivo de todos nós.</p>

<p class=""rtejustify"">  </p>

<p class=""rtejustify"">Atenciosamente,</p>

<p class=""rtecenter""> </p>

<p class=""rtecenter""><strong>Carlos G. Carlotti Jr.</strong></p>

<p class=""rtecenter"">Pró Reitor de Pós-Graduação</p>
"
"1892","Nota de falecimento do Prof. Francisco Benjamin de Souza Netto (1937-2019)","2","<p><img alt="""" src=""http://filosofia.fflch.usp.br/sites/filosofia.fflch.usp.br/files/eventos/2019/Foto%20BENJAMIN.jpg"" style=""float:left; margin:10px; width:50%"" /></p>

<p class=""rtejustify"">No dia 15 de maio de 2019, recebemos, com grande pesar, a notícia do falecimento do prof. Francisco Benjamin de Souza Netto.</p>

<p class=""rtejustify"">Francisco Benjamin aposentou-se, em 2007, como professor do Departamento de Filosofia da UNICAMP. Em seus muitos anos de docência, lecionou também em boa parte de nossos cursos de Filosofia, entre eles, os da PUC-SP, da UNESP, do São Bento, da USP.</p>

<p class=""rtejustify"">Foi o primeiro professor de História da Filosofia Medieval do Departamento de Filosofia da USP. E um dos fundadores, em 1992, do Centro de Estudos de Filosofia Patrística e Medieval de São Paulo (CEPAME).</p>

<p class=""rtejustify"">Dedicou sua sólida e erudita formação filosófica principalmente ao estudo da tradição platônica. Platão, por certo, como também o neoplatonismo de Plotino e, em particular, de Agostinho, dos Padres Gregos do século IV. Além de, em grande medida, empreender a difícil leitura do que conhecemos sobre a literatura médio-platônica.</p>

<p class=""rtejustify"">Formou grande número de alunos e orientandos. Se em sala de aula se permitia, em busca da expressão precisa do pensamento, angustiantes pausas de mais de um minuto (que duravam uma eternidade), ao cabo das quais voltava ao exato momento em que interrompera a frase, seu dom era o das conversas pessoais, generosamente abertas a quem o demandasse, sem tempo para terminar e nas quais se aprendia o que nos escapava na leitura.</p>

<p class=""rtejustify"">O Professor Doutor Francisco Benjamin de Souza Netto foi também Dom Estêvão, OSB, monge beneditino que, embora pouco afeito à estabilidade monástica, como é fácil perceber, soube honrar o que de melhor há na grandiosa tradição transmitida pelos velhos monges alemães do Mosteiro de São Bento, aos quais devia sua formação.</p>

<p class=""rtejustify"">Além de professor de nossos cursos de Filosofia, foi professor em diversos Seminários, católicos e protestantes, em particular naqueles que foram sendo sucessivamente fechados nos anos 70 do século passado.</p>

<p class=""rtejustify"">Tento sido militante da Juventude Universitária Católica (JUC) em seus anos de estudante, nunca deixou o firme compromisso com a luta pelas liberdades democráticas. Foi assessor da Conferência Nacional dos Bispos do Brasil (CNBB) e, simultaneamente, do Centro Ecumênico de Documentação e Informação (CEDI), nos tempos do Cardeal Arns e do Reverendo Jaime Whrigt.</p>

<p class=""rtejustify"">Não por acaso, na bela e solene Missa de Réquiem celebrada no Mosteiro em suas exéquias, estavam, igualmente saudosos, amigos, companheiros, colegas de muitas universidades – confessionais e laicas–, discípulos, estudantes. Seu velório foi feito pela família.</p>

<p class=""rtejustify"">A harmonia que Francisco Benjamin soube emprestar a tantos papéis é bem exemplificada pelo tema de sua tese doutoral: <em>Platão</em>, sim, que tão bem pode convir ao rigor de análise do professor como à erudição do monge, mas melhor que seja sobre o <em>pensamento político </em>do autor; em particular, tema candente, ontem como hoje, sobre <em>O problema da censura no pensamento político de Platão</em>.</p>

<p class=""rteright"">Por <em>José Carlos Estévão</em></p>
"
"1271","Lançamento do último volume do JOURNAL OF ANCIENT PHILOSOPHY, que homenageia o Prof. Francis Wolff","2","<p class=""rtejustify""><img alt="""" src=""http://filosofia.fflch.usp.br/sites/filosofia.fflch.usp.br/files/principal/temporario/franciswolff.jpg"" style=""float:left; height:170px; margin:10px; width:260px"" />Francis Wolff atuou como professor de filosofia na USP de 1980 a 1984, tendo sido o último professor francês a ocupar a <em>Cátedra de Filosofia</em> que a França manteve na USP até aquela data. <em>Normalien</em>, ele obtém sua <em>Agrégation en Philosophie</em> em 1974; em sua volta à França, atua como <em>maître de conférences</em> em Reims (1989-1992) e na <em>Ecole Normale Supérieure</em> (1992-1999), para a qual retorna, em 2001, após um curto período já como <em>Professeur des Universités</em> em Nanterre. Na célebre escola da <em>rue d’Ulm</em>, Francis vai desenvolver toda uma reflexão filosófica que, iniciada com o pensamento antigo, gradualmente passa a abranger questões modernas e contemporâneas de ontologia, epistemologia, ética, estética; dele temos importantes obras sobre linguagem e mundo, a noção de humanidade, a natureza da música, as figuras filosóficas, a experiência amorosa, os impasses políticos – inclusive um livro sobre os caminhos da tauromaquia na nossa relação com os animais. Sutil conhecedor da história da filosofia, Francis sempre foi um argumentador brilhante, de grande fôlego filosófico, tendo dirigido por anos os <em>Lundis de la Philosophie</em>, espaço aberto e crítico no qual os mais diferentes temas são analisados sob a ótica filosófica. Sua grande generosidade foi sempre patente em suas relações com o mundo acadêmico brasileiro, em especial com a USP. Em Junho de 2015 aposentou-se como <em>Professor Emérito</em> da <em>ENS</em>; naquela ocasião, colegas e alunos organizaram um encontro, do qual resultou um livro em sua homenagem, que pomos à disposição aqui: <em>Les Amis et les Disciples</em> – Mélanges Offerts à Francis Wolff <em>(Journal of Ancient Philosophy</em>, volume suplementar 1 2019).</p>

<p class=""rtejustify""><a href=""http://www.revistas.usp.br/filosofiaantiga"">www.revistas.usp.br/filosofiaantiga</a></p>

<p class=""rtejustify""><a href=""http://www.journals.usp.br/filosofiaantiga"">www.journals.usp.br/filosofiaantiga</a></p>

<p class=""rtejustify""><a href=""http://www.franciswolff.fr/"">www.franciswolff.fr</a></p>
"
"1261","Aula inaugural 2018 | Departamento de Filosofia da USP","2","<p><img alt="""" src=""http://filosofia.fflch.usp.br/sites/filosofia.fflch.usp.br/files/eventos/2018/2018_aula_inaugural.jpg"" style=""width:100%"" /></p>
"
"1180","Prêmio Capes de Tese 2017 - Menção Honrosa","2","<p><img alt="""" src=""http://filosofia.fflch.usp.br/sites/filosofia.fflch.usp.br/files/principal/temporario/mencao_honrosa_capes.jpg"" style=""width:100%"" /></p>
"
"1178","Comunicado: eleição para representante discente da pós-graduação - janeiro 2018","2","<p class=""rtejustify""><a href=""http://filosofia.fflch.usp.br/sites/filosofia.fflch.usp.br/files/principal/temporario/Comunicado%20eleicao%20discente%202018.jpg""><img alt="""" src=""http://filosofia.fflch.usp.br/sites/filosofia.fflch.usp.br/files/principal/temporario/Comunicado%20eleicao%20discente%202018.jpg"" style=""width:100%"" /></a></p>

<p class=""rtejustify""> </p>

<p class=""rtejustify"">A<strong> escolha da representação discente</strong> de pós-graduação em nível de doutorado, processar-se-á, nos termos da Seção II do Capítulo II do Regimento Geral, em uma <strong>única fase</strong>, no dia <strong>17/01/2018 das 10h às 20h</strong>, por meio de sistema eletrônico de votação e totalização de votos.  </p>

<p>Para saber mais, acesse: <img alt="""" src=""http://filosofia.fflch.usp.br/sites/filosofia.fflch.usp.br/files/icones/pdf_icon.gif"" style=""border:0px; box-sizing:border-box; height:16px; max-width:100%; width:16px"" /> <a href=""http://filosofia.fflch.usp.br/sites/filosofia.fflch.usp.br/files/posgraduacao/docs/portaria_ccp_02_2017.pdf"" style=""color: rgb(82, 114, 191); text-decoration-line: none; transition: background-color 0.2s ease, border 0.2s ease, color 0.2s ease, opacity 0.2s ease-in-out;"" target=""_blank""><strong>PORTARIA CCP/USP Nº 002/2017, de 21/12/2017</strong></a> </p>
"
"1155","Informes","2","<h3>Eleição para representante discente de pós-graduação em nível de doutorado junto a CCP-Filosofia</h3>

<p class=""rtejustify"">Prezados alunos do curso Pós-graduação,</p>

<p class=""rtejustify"">convocamos interessados para a inscrição para representante discente de pós-graduação em<strong> nível de doutorado</strong> junto a CCP-Filosofia.</p>

<p class=""rtejustify"">O<strong> <span style=""color:#FF0000"">pedido de inscrição</span></strong> individual ou por chapa dos candidatos, formulado por meio de requerimento, será recebido por sistema eletrônico <strong><a href=""http://filosofia.fflch.usp.br/posgraduacao/eleicaodiscente"">http://filosofia.fflch.usp.br/posgraduacao/eleicaodiscente</a></strong> no período <span style=""color:#FF0000""><strong>de 22/12/2017 a 12/01/2018</strong></span>, mediante declaração de que o candidato é aluno regularmente matriculado no curso de pós-graduação em filosofia da Unidade. </p>

<p class=""rtejustify"">A<strong> escolha da representação discente</strong> de pós-graduação em nível de doutorado, processar-se-á, nos termos da Seção II do Capítulo II do Regimento Geral, em uma <strong>única fase</strong>, no dia <strong>17/01/2018 das 10h às 20h</strong>, por meio de sistema eletrônico de votação e totalização de votos.  </p>

<p>Para saber mais, acesse: <img alt="""" src=""http://filosofia.fflch.usp.br/sites/filosofia.fflch.usp.br/files/icones/pdf_icon.gif"" style=""height:16px; width:16px"" /> <a href=""http://filosofia.fflch.usp.br/sites/filosofia.fflch.usp.br/files/posgraduacao/docs/portaria_ccp_02_2017.pdf"" target=""_blank""><strong>PORTARIA CCP/USP Nº 002/2017, de 21/12/2017</strong></a> </p>

<div class=""rtecenter"" style=""color: rgb(34, 34, 34); font-family: arial, sans-serif; font-size: 12.8px;"">
<hr /><strong>Primeiro <em>Summer School</em> da Comissão de Cooperação Internacional (CCInt)<br />
da Faculdade de Filosofia, Letras e Ciências Humanas da USP</strong><br />
 </div>

<div dir=""ltr"" style=""color: rgb(34, 34, 34); font-family: arial, sans-serif; font-size: 12.8px;"">
<div class=""rtejustify"">É com grande felicidade que a CCInt da FFLCH anuncia que, com o apoio da Direção e dos Programas de Pós-Graduação da Faculdade, poderão ser oferecidos gratuitamente todos os cursos do primeiro <em>Summer School </em>FFLCH/USP.<br />
São dezoito cursos de professores de algumas das mais importantes universidades do mundo na Área de Humanidades. Esses professores foram convidados pela Faculdade para ministrar seminários dedicados a suas pesquisas atuais, criando assim uma possibilidade única de alunas e alunos da USP e outras interessados terem contato e dialogar com os debates atuais feitos fora do nosso país. Os cursos são das áreas de História, Ciências Sociais, Psicanálise, Filosofia, Tradução. Linguística e Teoria Literária.<br />
Ao oferecê-los de forma totalmente gratuita, a FFLCH reforça seu empenho na defesa de função pública da universidade, comprometendo-se em fornecer formação plural a todas e todos e, ao mesmo tempo, fortalecendo sua política de internacionalização com a criação de um espaço de formação e interação entre estudantes e docentes da USP e os docentes das universidades conveniadas. </div>

<div> </div>

<div>As inscrições acontecerão online, pelo <u>Sistema Apolo</u>,<strong> de 21 de dezembro de 2017, a partir das 09:00, até o dia 04 de janeiro de 2018</strong>.<br />
Para realizar a inscrição, clique em: <a href=""https://uspdigital.usp.br/apolo/inscricaoPublicaFormCursosOferecidosListar?oriins=W"" style=""color: rgb(17, 85, 204);"" target=""_blank"">https://uspdigital.usp.br/apolo/inscricaoPublicaFormCursosOferecidosListar?oriins=W</a>  </div>

<div>Maiores informações podem ser encontradas no link: <a href=""http://sce.fflch.usp.br/node/2511"" style=""color: rgb(17, 85, 204);"" target=""_blank"">http://sce.fflch.usp.br/node/2511</a><br />
 </div>

<div class=""rtejustify"">Vale lembrar que os cursos possuem um limite de vagas. Sugerimos, portanto, que as inscrições sejam feitas quanto antes, lembrando que a USP estará em recesso do dia 25/12/2017 a 02/01/2018.</div>
</div>
"
"1135","Cerimônia de Outorga do Título de Profa. Emérita à Profa. Dra. Marilena de Souza Chaui","2","<p><img alt="""" src=""http://filosofia.fflch.usp.br/sites/filosofia.fflch.usp.br/files/principal/temporario/convite%20correcao.jpg"" style=""width:100%"" /></p>
"
"1089","59º Edição do Prêmio Jabuti","2","<p class=""rtejustify""><img alt="""" src=""http://filosofia.fflch.usp.br/sites/filosofia.fflch.usp.br/files/principal/lancamentos/A%20nervura%20do%20real%20II.jpg"" style=""float:left; margin:10px; width:25%"" />A quintagésima nona edição do Prêmio Jabuti contemplou a Professora Dra. Marilena de Souza Chaui na categoria Ciências Humanas com o livro <em>A Nervura do Real II: Imanência e liberdade em Espinosa </em>publicado pela editora Companhia das Letras. <br />
""Marilena Chaui, intelectual pública e uma das grandes filósofas de sua geração, completa agora o percurso iniciado com o estudo da ideia espinosana de imanência, obra que causou grande repercussão e debate quando publicada, em 1999. Hoje, filósofos, psicanalistas e neurobiologistas voltam-se para a filosofia de Espinosa para redescobrir um pensamento que enfrentou de modo certeiro questões retomadas no presente. Neste segundo volume, Chaui lida com a questão da liberdade em Espinosa - tema que nos interpela talvez mais que qualquer outro em sua filosofia - e procura demonstrar que a necessidade incondicionada da potência infinita da Natureza, da qual somos uma expressão, é a condição da liberdade humana."" </p>

<p>Contemplados na mesma categoria:</p>

<p><strong>Ciências Humanas</strong></p>

<p><strong>1º Lugar - Título: A Nervura do Real II – Autor(a): Marilena Chaui – Editora: Companhia das Letras</strong><br />
2º Lugar - Título: A radiografia do golpe: entenda como e por que você foi enganado – Autor(a): Jessé Souza – Editora: Leya<br />
3º Lugar - Título: A Tentação Fascista no Brasil: Imaginário de Dirigentes e Militantes Integralistas – Autor(a): Hélgio Trindade – Editora: Editora da UFRGS</p>

<p> </p>

<div style=""page-break-after: always;""><span style=""display:none""> </span></div>

<p><img alt="""" src=""http://filosofia.fflch.usp.br/sites/filosofia.fflch.usp.br/files/principal/temporario/unnamed.jpg"" style=""margin:5px; width:30%"" /><img alt="""" src=""http://filosofia.fflch.usp.br/sites/filosofia.fflch.usp.br/files/principal/temporario/unnamed%20(2).jpg"" style=""margin:5px; width:30%"" /><img alt="""" src=""http://filosofia.fflch.usp.br/sites/filosofia.fflch.usp.br/files/principal/temporario/unnamed%20(3).jpg"" style=""margin:5px; width:30%"" /></p>
"
"1017","Manifestações da Comunidade Acadêmica","2","<blockquote>
<p>Caras e caros,</p>

<p>é com enorme pesar que comunico o falecimento do Professor Oswaldo Porchat na tarde desse domingo. O significado da obra e da vida de Oswaldo Porchat para a história deste departamento e para o desenvolvimento da filosofia no Brasil não pode ser abarcado em poucas linhas. Limito-me a informar que o velório será realizado no Salão Nobre da Faculdade de Filosofia, Letras e Ciências Humanas da Universidade de São Paulo, a partir das 8 horas da manhã desta segunda-feira.</p>

<p>O departamento de filosofia expressa sua mais profunda dívida para com Oswaldo Porchat e manifesta seus mais sinceros pêsames aos amigos e familiares.</p>
</blockquote>

<p> </p>

<p class=""rteright"">Atenciosamente,<br />
Prof. Luiz Repa - Chefe de Departamento</p>

<hr />
<blockquote>
<p> Sentimos muito por esta grande perda e enviamos nossos sentimentos aos familiares, amigos e ao Departamento de Filosofia. </p>
</blockquote>

<p class=""rteright"">Centro Acadêmico de Filosofia - Prof. João Cruz Costa</p>

<hr />
<p> </p>

<blockquote>
<p>""Ensinar a filosofar exige que se filosofe também. Que se tenha coragem de pensar por conta própria, de propor ideias, de tomar posições, de fazer críticas e de recebê-las” Com essas palavras que o prof. Oswaldo Porchat exprimia a sua visão não só sobre a docência e a pesquisa em filosofia, mas, sobretudo, sobre a importância da conquista de autonomia de pensamento pelos estudantes. Agradecemos profundamente ao professor pelo apreço que sempre nutriu pela posição do estudante, e por nos encorajar a seguir pelo caminho da filosofia.</p>
</blockquote>

<p> </p>

<p class=""rteright"">Representação Discente | Departamento de Filosofia da USP</p>

<hr />
<p> </p>

<blockquote>
<p>Meus sentimentos aos familiares e ao Departamento de Filosofia</p>
</blockquote>

<p class=""rteright""> </p>

<p class=""rteright"">Prof. Dr. João Carlos Salles | Magnífico Reitor da UFBA</p>

<hr />
<p> </p>

<blockquote>
<p>Meus sentimentos aos colegas e funcionários do Departamento de Filosofia.</p>
</blockquote>

<p class=""rteright""> </p>

<p class=""rteright"">Prof. Dr. Sérgio Adorno | Departamento de Sociologia e NEV/USP</p>

<hr />
<p> </p>

<blockquote>
<p>Meus sentimentos ao Departamento e à família. Porchat era do bem e todo mundo gostava dele.</p>
</blockquote>

<p class=""rteright""> </p>

<p class=""rteright"">Prof. Dr. Ivan Domingues | UFMG</p>

<hr />
<p> </p>

<blockquote>
<p>O professor Osvaldo Porchat teve uma carreira longa e frutuosa. Formou dezenas de pesquisadores e influencia uma quantidade inumerável de estudantes ao longo de toda sua vida acadêmica. Excelente pesquisador, sempre se destacou nos estudos que empreendeu em lógica, em história da filosofia e em filosofia. Mas, vale destacar, o maior dos talentos do professor Porchat foi mesmo o magistério. Porchat não foi somente um professor de disciplinas, pois, a exemplo dos mestres do ceticismo antigo, filosofia a que ele já há muito tempo dedicava suas investigações, sabia fazer com que seus estudantes aprendessem a pensar. Sua maior lição. Faleceu, para completar uma vida exemplar, justamente no dia do professor.</p>
</blockquote>

<p class=""rteright""> </p>

<p class=""rteright"">Prof. Dr. Alex Calheiros | UnB</p>

<hr />
<p> </p>

<blockquote>
<p>Gostava muito dele! Um abraço para seus familiares e para todos os amigos.</p>
</blockquote>

<p class=""rteright""> </p>

<p class=""rteright"">Prof. Dr. Daniel Tourinho Peres | UFBA</p>

<hr />
<p> </p>

<blockquote>
<p>Triste notícia. Nossos sentimentos ao departamento e aos familiares!                                                                              </p>
</blockquote>

<p class=""rteright""> </p>

<p class=""rteright"">Profa. Dra. Carolina Soria e Prof. Dr. Luís Nascimento | UFSCar</p>

<hr />
<p> </p>

<blockquote>
<p>Meus pêsames à família e aos colegas da USP e da Unicamp pelo falecimento do grande e inesquecível  amigo Porchat .</p>
</blockquote>

<p class=""rteright""> </p>

<p class=""rteright"">Prof. Dr. Raul Landim | UFRJ</p>

<hr />
<p> </p>

<blockquote>
<p>Consolos possíveis para a família do querido Porchat.</p>
</blockquote>

<p> </p>

<div> </div>

<div>
<p class=""rteright"">Prof. Márcio Sattin</p>

<hr />
<p> </p>

<blockquote>
<p>Sinto muitíssimo, meus sentimentos aos familiares e ao Departamento de Filosofia.</p>
</blockquote>
</div>

<div> </div>

<div class=""rteright"">Prof. Dr. Vinícius Berlendis | UFPR</div>

<div>
<hr />
<p> </p>

<blockquote>
<p>Meus sentimentos.                                                                                                                                                  </p>
</blockquote>
</div>

<p> </p>

<div> </div>

<div class=""rteright"">Profa. Dra. Irene Cardoso | Dep. Sociologia USP</div>

<div>
<hr />
<p> </p>

<blockquote>
<p><em>Pêsames para a família e ao Departamento de Filosofia</em></p>
</blockquote>
</div>

<div> </div>

<p> </p>

<div>
<p class=""rteright"">Prof. Dr. Valter José</p>

<hr />
<p> </p>

<blockquote>
<p>Meus pêsames ao familiares e ao Departamento de Filosofia.                                           </p>
</blockquote>
</div>

<div> </div>

<div class=""rteright"">Prof. Dr. José Luiz Bastos | UFABC</div>

<hr />
<p> </p>

<blockquote>
<div>Uma grande perda... Meus sentimentos aos familiares e amigos</div>
</blockquote>

<p class=""rteright""> </p>

<p class=""rteright"">Profa. Dra. Juliana Aggio | UFBA</p>

<hr />
<p> </p>

<blockquote>
<div>O Porchat foi a pessoa mais importante em minha formação e depois se tornou um querido amigo. Estou muito triste. </div>
</blockquote>

<div> </div>

<div class=""rteright"">Prof. Dr. Marcelo Carvalho | UNIFESP</div>

<hr />
<p> </p>

<div>
<blockquote>
<p>Triste pela perda.<br />
Meus sentimentos aos familiares e ao Departamento de Filosofia.</p>
</blockquote>

<p> </p>

<p class=""rteright"">Profa. Dra. Maria Isabel Limonge | UFPR</p>

<hr />
<p> </p>

<blockquote>
<p>Manifesto minha fraterna solidariedade e meu profundo pesar aos familiares, amigos e à comunidade acadêmica da filosofia da USP pela perda do grande filósofo e professor Oswaldo Porchat.</p>
</blockquote>

<p class=""rteright""> </p>

<p class=""rteright"">Prof. Dr. Adriano Correia | Presidente da Anpof/UFG</p>

<hr />
<blockquote>
<p>À familia e a todos os colegas nossos sentimentos.                                                      </p>
</blockquote>

<p class=""rteright""> </p>

<p class=""rteright"">Prof. Dr. Luiz Carlos | PUC-Rio</p>

<hr />
<p> </p>

<blockquote>
<p>Soube com muita tristeza que faleceu Porchat. Uma grande perda para a filosofia no Brasil, e para mim um amigo. Meus sinceros sentimentos à família e aos colegas da USP.</p>
</blockquote>
</div>

<p> </p>

<p class=""rteright"">Prof. Dr. Oswaldo Chateaubriand | PUC-Rio </p>
"
"880","Homenagem a Antonio Candido (1918-2017)","2","<p class=""rtejustify""><img alt="""" src=""http://filosofia.fflch.usp.br/sites/filosofia.fflch.usp.br/files/principal/notas/11752517_1063876233630404_8286747405970429723_n.jpg"" style=""float:left; height:429px; margin:10px; width:423px"" />Há exatos dez anos a revista Discurso publicava em seu número 37 um pequeno texto que seria a última contribuição de Antônio Cândido para a revista, fundada em 1970 por sua esposa, Gilda de Mello e Souza. Intitulado <a href=""http://filosofia.fflch.usp.br/sites/filosofia.fflch.usp.br/files/principal/notas/CANDIDO%2C%20Antonio.%20A%20import%C3%A2ncia%20de%20n%C3%A3o%20ser%20fil%C3%B3sofo.pdf"">“A importância de não ser filósofo”</a>, ele foi inserido pelo editor, Márcio Suzuki, logo na abertura desse número, e não poderia ter sido diferente. Não era essa, porém, a intenção do autor, que pedira a Franklin de Mattos, por intermédio de quem fizera o texto chegar à Discurso, que fosse publicado no final, dizendo algo assim, “vocês ainda têm aquela seção de notas, não é?”. Contando essa história na época, no café da faculdade, o mesmo Franklin de Mattos não conteve a exclamação: “Já pensaram? O maior intelectual brasileiro da segunda metade do século XX pede que a Discurso publique o seu texto numa seção de notas, no final da revista?” É claro que o maior da primeira metade foi Mário de Andrade; mas e quanto a Sérgio Buarque de Holanda? “É mesmo, havia esquecido! São três, então”. Neste 12 de maio de 2017, ainda sob o impacto da tristeza pela morte de Antônio Cândido, a quem este Departamento de Filosofia tanto deve, julgamos que seria uma maneira adequada de homenagear sua memória dar notícia, mais uma vez, desse pequeno e brilhante ensaio. </p>

<div style=""page-break-after: always;""><span style=""display:none""> </span></div>

<p class=""rtejustify""><a href=""http://filosofia.fflch.usp.br/sites/filosofia.fflch.usp.br/files/principal/notas/CANDIDO%2C%20Antonio.%20A%20import%C3%A2ncia%20de%20n%C3%A3o%20ser%20fil%C3%B3sofo.pdf""><img alt="""" src=""http://filosofia.fflch.usp.br/sites/filosofia.fflch.usp.br/files/principal/notas/CANDIDO%2C%20Antonio.jpg"" style=""border-style:solid; border-width:1px; box-shadow:10px 10px; width:200px"" /></a></p>

<p><a href=""http://filosofia.fflch.usp.br/sites/filosofia.fflch.usp.br/files/principal/notas/CANDIDO%2C%20Antonio.%20A%20import%C3%A2ncia%20de%20n%C3%A3o%20ser%20fil%C3%B3sofo.pdf""><img alt="""" src=""http://filosofia.fflch.usp.br/sites/filosofia.fflch.usp.br/files/icones/pdf_icon.gif"" style=""height:16px; width:16px"" /> CANDIDO, Antonio. A importância de não ser filósofo</a> </p>
<!--break-->"
"856","Resultado da eleição para representantes discentes de pós-graduação junto a CCP-Filosofia","2","<p><img alt="""" src=""http://filosofia.fflch.usp.br/sites/filosofia.fflch.usp.br/files/posgraduacao/docs/eleicao%20rd_ccp_filosofia.jpg"" style=""width:100%"" /></p>
"
"855","Comunicado: eleição para representantes discentes de pós-graduação junto a CCP-Filosofia","2","<p><a href=""http://filosofia.fflch.usp.br/sites/filosofia.fflch.usp.br/files/posgraduacao/docs/Comunicado eleicao representante discente pos-graduacao.pdf""><img alt="""" src=""http://filosofia.fflch.usp.br/sites/filosofia.fflch.usp.br/files/posgraduacao/docs/Comunicado%20eleicao%20representante%20discente%20pos-graduacao.jpg"" style=""width:100%"" /></a></p>
"
"843","Portaria de eleições discente da Pós-graduação - CCP 2017","2","<p><a href=""http://filosofia.fflch.usp.br/sites/filosofia.fflch.usp.br/files/posgraduacao/docs/PORTARIA%20ELEI%C3%87%C3%95ES%20DISCENTES%20POS-GRADUACAO%20CCP%202017.pdf"" target=""_blank""><img alt="""" src=""http://filosofia.fflch.usp.br/sites/filosofia.fflch.usp.br/files/icones/pdf_icon.gif"" style=""height:16px; width:16px"" /> Baixar versão em PDF</a></p>

<p class=""rtejustify""><strong>PORTARIA CCP/USP Nº 001/2017, de </strong>31/03/2017.</p>

<p class=""rteindent3 rtejustify"">Dispõe sobre a eleição dos <strong>representantes discentes de pós-graduação </strong>junto a CCP-Filosofia – Comissão Coordenadora do Programa de Pós-Graduação em Filosofia da Faculdade de Filosofia, Letras e Ciências Humanas da USP.</p>

<p class=""rtejustify"">A Coordenação do Programa de Pós-Graduação em Filosofia da Faculdade de Filosofia, Letras e Ciências Humanas - FFLCH, usando de suas atribuições legais, baixa a seguinte</p>

<p class=""rtecenter""><strong>Portaria</strong><strong>:</strong></p>

<p class=""rtejustify""><strong>Artigo 1º </strong>- A escolha da representação discente de pós-graduação, processar-se-á, nos termos da Seção II do Capítulo II do Regimento Geral, em uma única fase, <strong>no dia </strong>10/04/2017<strong> das</strong> 10 <strong>h às </strong>20 <strong>h, </strong>por meio de sistema eletrônico de votação e totalização de votos.</p>

<p class=""rtejustify""><strong>Artigo 2º</strong> - A eleição será supervisionada por Comissão Eleitoral, composta paritariamente por 01  docente e 01 discente de pós-graduação.</p>

<p class=""rteindent1 rtejustify""><strong>§ 1º</strong> - O membro docente da Comissão mencionada no <em>caput</em> deste artigo será <strong>designado</strong> pelo Coordenador do Programa de Pós-Graduação, dentre os integrantes da Comissão Coordenadora do Programa.</p>

<p class=""rteindent1 rtejustify""><strong>§ 2º</strong> - O membro  discente da Comissão mencionada no <em>caput</em> deste artigo será <strong>designado</strong> pelo Coordenador do Programa de Pós-Graduação</p>

<p class=""rtejustify""><strong>Artigo 3º </strong>- Poderão votar e ser votados os alunos regularmente matriculados no Programa de Pós-Graduação em Filosofia da FFLCH-USP.</p>

<p class=""rtejustify""><strong>Artigo 4º</strong> - Os assentos a serem preenchidos na Comissão Coordenadora do Programa de Pós-Graduação em Filosofia são:</p>

<ol style=""list-style-type:lower-alpha"">
	<li class=""rtejustify""><strong>Comissão Coordenadora do Programa de Pós-Graduação em Filosofia:</strong></li>
</ol>

<ul>
	<li class=""rtejustify"">01 representante do doutorado (titular)</li>
	<li class=""rtejustify"">01 representante do mestrado (suplente)</li>
</ul>

<p class=""rtejustify""><strong>Artigo 5º</strong> - O eleitor poderá votar, no máximo, no número de alunos especificados no artigo 4º desta Portaria, dentre seus pares.</p>

<p class=""rtejustify""><strong>Artigo 6º </strong>- Cessará o mandato do representante discente que deixar de ser aluno regular de pós-graduação no Programa de Pós-Graduação em Filosofia.</p>

<p class=""rtejustify""> </p>

<p class=""rtecenter""><strong>DA INSCRIÇÃO</strong></p>

<p class=""rtejustify""> </p>

<p class=""rtejustify""><strong>Artigo 7º </strong>- O pedido de inscrição individual ou por chapa dos candidatos, formulado por meio de requerimento, será recebido na Secretaria do Departamento de Filosofia no período de 04/04/2017 a 07/04/2017 das 10 às 18hs, mediante declaração de que o candidato é aluno regularmente matriculado no curso de pós-graduação em filosofia da Unidade.</p>

<p class=""rteindent1 rtejustify""><strong>§ 1º</strong> - Os pedidos de inscrição que estiverem de acordo com as normas estabelecidas por esta Portaria serão deferidos pela Coordenação do Programa de Pós-Graduação em Filosofia.</p>

<p class=""rteindent1 rtejustify""><strong>§ 2º</strong> - O quadro dos candidatos cuja inscrição tiver sido deferida será divulgado na página <a href=""http://www.filosofia.fflch.usp.br/"">www.filosofia.fflch.usp.br</a>  até às 19 hs em  07/04/2017.</p>

<p class=""rteindent1 rtejustify""><strong>§ 3º</strong> - Os nomes nas cédulas serão exibidos por ordem alfabética dos candidatos.</p>

<p class=""rtejustify""> </p>

<p class=""rtejustify""> </p>

<p class=""rtecenter""><strong>DA VOTAÇÃO E TOTALIZAÇÃO ELETRÔNICA</strong></p>

<p class=""rtejustify""> </p>

<p class=""rtejustify""><strong>Artigo 8º </strong>- O Sistema de Votação da USP encaminhará aos eleitores, no dia 10/04/2017 em seu e-mail principal cadastrado nos Sistemas USP, o endereço eletrônico do sistema de votação e a senha de acesso com a qual o eleitor poderá exercer seu voto.</p>

<p class=""rteindent1 rtejustify""><strong>§ 1º </strong>- Os alunos de pós-graduação deverão estar com endereço principal cadastrado no Sistema Janus atualizado, e é de responsabilidade do próprio eleitor.</p>

<p class=""rtejustify""><strong>Artigo 9º </strong>- O sistema eletrônico contabilizará cada voto, assegurando-lhe o sigilo e a inviolabilidade.</p>

<p class=""rtejustify""> </p>

<p class=""rtecenter""><strong>DOS RESULTADOS</strong></p>

<p class=""rtejustify""> </p>

<p class=""rtejustify""><strong>Artigo 10</strong> - A totalização dos votos da eleição será divulgada na página filosofia.fflch.usp.br, no dia 10/04/2017, a partir das 19hs sendo considerados eleitos os candidatos mais votados.</p>

<p class=""rtejustify""><strong>Artigo 11</strong> - Ocorrendo empate de votos, serão obedecidos, sucessivamente, os seguintes critérios de desempate:</p>

<p class=""rteindent1 rtejustify"">I - o aluno mais idoso;</p>

<p class=""rteindent1 rtejustify"">II - o maior tempo de matrícula na USP.</p>

<p class=""rtejustify""><strong>Artigo 12</strong> - Dos resultados da eleição cabe recurso, sem efeito suspensivo, no prazo de três dias úteis, após a divulgação referida no artigo 10 <em>supra</em>.</p>

<p class=""rteindent1 rtejustify""><strong>§ 1º</strong> - O recurso a que se refere o <em>caput</em> deste artigo deverá ser encaminhado à Coordenação do Programa de Pós-Graduação, até às 17 hs do dia 11/04/2017 e será decidido pela Coordenação.</p>

<p class=""rteindent1 rtejustify""><strong>§ 2º</strong> - A decisão sobre os eventuais recursos será divulgada na página <a href=""http://www.filosofia.fflch.usp.br/"">www.filosofia.fflch.usp.br</a>, no dia 11/04/2017.</p>

<p class=""rteindent1 rtejustify""><strong>§ 3º - </strong>O mandato dos eleitos será de um ano, após homologação da Comissão Coordenadora do Programa de Pós-Graduação em Filosofia.</p>

<p class=""rtejustify""><strong>Artigo 13</strong> - Os casos omissos nesta Portaria serão resolvidos pela Comissão Coordenadora do Programa.</p>

<p class=""rtejustify""><strong>Artigo 14</strong> - Esta Portaria entra em vigor na data de sua divulgação.</p>

<p class=""rtejustify""> </p>

<p class=""rtejustify""> </p>

<p class=""rtejustify"">Prof. Dr. Alberto Ribeiro Gonçalves de Barros</p>

<p class=""rtejustify"">Coordenador</p>
"
"793","Nova Presidência e Vice-Presidencia da CPG","2","<p>Vimos por este informar, conforme o aprovado na sessão da Congregação em 20/10/2016, a nova Presidência e Vice-Presidencia da Coordenação de Pós-graduação (CPG):</p>

<p>Presidente: Prof. Dr. Edelcio Gonçalves de Souza - Departamento de Filosofia (Programa de Filosofia)</p>

<p>Vice-Presidente: Profa. Dra. Claudia Consuelo Amigo Pino - Dep. de Letras Modernas (Programa de Estudos Lingüísticos, Literários e Tradutológicos em Francês) </p>
"
"791","Selo de Qualidade com as Estrelas do Guia do Estudante","2","<p class=""rtejustify"">Temos o prazer de comunicar que o curso de <strong>Filosofia</strong> da <strong>Universidade de São Paulo - São Paulo</strong> foi estrelado na avaliação de cursos superiores realizada pelo <strong>Guia do Estudante (GE)</strong> no ano de 2016 e constará da publicação <em>GE Profissões Vestibular 2017</em>, que passa a circular nas bancas a partir do dia <strong>14 de outubro</strong>.</p>

<p><a href=""http://filosofia.fflch.usp.br/sites/filosofia.fflch.usp.br/files/principal/temporario/selos_ge2016_alta.jpg""><img alt="""" src=""http://filosofia.fflch.usp.br/sites/filosofia.fflch.usp.br/files/principal/temporario/selos_ge2016_alta.jpg"" style=""width:988.8px"" /></a></p>

<hr />
<p> </p>
"
