tid,SGA_DESCRITOR,Codi_Descritor,name
1001,1,001,ALIMENTAÇÃO
1002,2,001.1,ALIMENTOS
1003,3,001.2,BEBIDAS
1008,8,001.3,PREPARAÇÃO DO ALIMENTO
1009,9,001.4,PROCESSAMENTO DA MANDIOCA
1010,10,001.5,REFEIÇÃO
1004,4,002,AMOR
1005,5,003,ANIMAL
1011,11,003.1,ANIMAL DOMÉSTICO
1012,12,003.1.1,CACHORRO
1013,13,003.1.2,GALINHA
1014,14,003.1.3,PATO
1015,15,003.2,ANIMAL SILVESTRE
1016,16,003.2.1,ANTA
1017,17,003.2.2,ARARA
1524,563,003.2.3,MACACO
1006,6,004,ANTROPOLOGIA
1007,7,004.1,ANTROPOLOGIA FÍSICA
1665,710,004.2,ANTROPOLOGIA SOCIAL
1630,669,004.3,ANTROPOLOGIA VISUAL
1018,18,005,ARMAS
1019,19,005.1,CONFECÇÃO DE ARMAS
1020,20,005.2,UTILIZAÇÃO DE ARMAS
1021,21,006,ARQUEOLOGIA
1022,22,006.1,ARTEFATO ARQUEOLÓGICO
1023,23,006.2,ESCAVAÇÃO ARQUEOLÓGICA
1024,24,006.3,PINTURA RUPESTRE
1025,25,007,ARQUITETURA
1671,716,007.1,ARQUITETURA BARROCA
1505,544,008,ARTE
1026,26,008.1,ARTES PLÁSTICAS
1027,27,008.1.1,CHARGE
1028,28,008.1.2,DESENHO
1029,29,008.1.3,ESCULTURA
1030,30,008.1.4,GRAVURA
1336,369,008.1.5,PINTURA
1661,706,008.1.6,GRAFITE
1031,31,009,ARTESANATO
1032,32,009.1,ARTESANATO EM MADEIRA
1033,33,009.2,CERÂMICA
1034,34,009.3,CESTARIA
1035,35,009.4,TECELAGEM
1685,730,009.5,ADORNO
1036,36,010,AUDIOVISUAL - CINEMA - VÍDEO
1037,37,010.1,DOCUMENTÁRIO
1038,38,010.2,FICÇÃO
1039,39,010.3,ANIMAÇÃO
1040,40,010.4,VÍDEO CLIP
1041,41,010.5,VÍDEO ARTE
1647,686,010.6,FICÇÃO CIENTÍFICA
1042,43,011,CAMPO - TERRA
1043,44,011.1,DEMARCAÇÃO DE TERRITÓRIO
1044,45,011.2,LUTA PELA TERRA
1045,46,011.3,MST
1046,47,011.4,REFORMA AGRÁRIA
1047,48,012,JOVEM - ADOLESCENTE
1048,49,013,CAPITALISMO
1049,50,014,CIDADE
1050,51,014.1,URBANIZAÇÃO
1708,753,014.2,PERIFERIA
1051,52,015,CIGANO
1052,53,016,COLONIALISMO - NEOCOLONIALIMO
1053,54,017,COLONIZAÇÃO
1054,55,018,COMUNISMO - SOCIALISMO - MARXISMO
1055,56,019,CORPO
1056,57,020,CORRUPÇÃO
1057,58,021,COTIDIANO
1058,59,021.1,ATIVIDADES DOMÉSTICAS
1059,61,021.1.1,ROÇA
1060,62,022,CRIANÇA
1061,63,022.1,FEBEM
1062,64,022.2,INFÂNCIA
1063,65,022.3,MENOR
1064,66,023,CULINÁRIA - COZINHA
1065,67,024,CULTURA AFRO-BRASILEIRA
1066,68,025,CULTURA OCIDENTAL
1067,69,026,CULTURA ORIENTAL
1068,70,027,CULTURA MATERIAL
1069,71,027.1,CERÂMICA MARAJOARA
1675,720,027.2,MASCARA
1070,72,028,DANÇA
1071,73,029,DEFICIÊNCIA FÍSICA
1072,74,030,DEFICIÊNCIA MENTAL
1073,75,031,DEMOCRACIA
1074,76,032,DIREITOS HUMANOS
1658,703,032.1,CIDADANIA
1075,77,033,COMPORTAMENTO
1352,385,033.1,COMPORTAMENTO ANIMAL
1530,569,033.2,COMPORTAMENTO HUMANO
1076,78,034,DITADURA
1077,79,035,ETNIA
1408,445,035.1,DOGON
1465,504,035.2,MÚILA
1466,505,035.3,MUCUBAUS
1467,506,035.4,SHANGAAN
1468,507,035.5,HAWSA
1490,529,035.6,RAGUE
1592,631,035.7,CURDA - CURDO
1648,687,035.8,DANI
1078,80,036,ECONOMIA
1348,381,036.1,ECONOMIA INFORMAL
1349,382,036.2,INDÚSTRIA CULTURAL
1670,715,036.3,COMÉRCIO
1079,81,037,EDUCAÇÃO
1628,667,037.1,UNIVERSIDADE
1737,784,037.2,ESCOLA
1080,82,038,ENERGIA
1081,83,038.1,ENERGIA HIDRELÉTRICA
1082,84,038.2,ENERGIA NUCLEAR
1083,85,038.3,ENERGIA TERMOELÉTRICA
1084,86,038.4,ENERGIA EÓLICA
1085,87,039,ESCRAVIDÃO
1086,88,040,ESPORTE
1087,89,040.1,FUTEBOL
1088,90,040.2,CORRIDA DE TORA
1357,391,040.3,RUGBY
1539,578,040.4,TOURADA
1723,770,040.5,CAPOEIRA
1716,761,040.5,CRÍQUETE
1717,762,040.6,BEISEBOL
1089,91,041,ÉTICA
1090,92,042,ETNICIDADE
1091,93,042.1,CONFLITO INTERÉTNICO
1092,94,042.2,CONTATO INTERÉTNICO
1093,95,042.3,MISCIGENAÇÃO
1436,475,042.4,MUDANÇA CULTURAL
1094,98,043,ETNOBOTÂNICA
1095,99,044,ETNOMUSICOLOGIA
1096,100,045,FASCISMO - NEOFASCISMO
1097,101,046,FAMÍLIA
1098,102,047,FESTA- FESTA POPULAR
1101,105,047.1,CARNAVAL
1102,106,047.2,BUMBA MEU BOI
1103,107,047.3,FOLIA DE REIS
1104,108,047.4,CAVALHADA
1461,500,047.5,CONGADA
1635,674,047.6,FESTA DO DIVINO
1663,708,047.7,FANDANGO
1099,103,048,FILOSOFIA
1100,104,049,FOME
1105,109,050,FOTOGRAFIA
1106,110,051,FUMO - TABAGISMO
1107,111,052,GREVE
1108,112,053,GUERRA
1109,113,053.1,GUERRA CIVIL
1330,361,053.2,GUERRA MILITAR
1341,374,053.2.1,PRIMEIRA GUERRA MUNDIAL
1342,375,053.2.2,SEGUNDA GUERRA MUNDIAL
1563,602,053.3,GUERRA FRIA
1110,114,054,HABITAÇÃO - MORADIA
1331,363,054.1,FAVELA
1337,370,054.2,HABITANTES DE RUA - SEM TETO - MENDIGO
1111,115,055,HIGIENE PESSOAL
1112,116,056,HISTÓRIA
1113,117,056.1,HISTÓRIA DO BRASIL
1367,402,056.1.1,BRASIL COLÔNIA
1368,403,056.1.2,BRASIL IMPÉRIO
1369,404,056.1.3,BRASIL REPÚBLICA
1114,118,056.2,HISTÓRIA GERAL
1370,405,056.2.1,IDADE ANTIGA - ANTIGUIDADE
1371,406,056.2.2,IDADE MÉDIA
1372,407,056.2.3,IDADE MODERNA
1463,502,056.2.3.1,RENASCIMENTO
1373,408,056.2.4,IDADE CONTEMPORÂNEA
1374,409,056.2.4.1,REVOLUÇÃO FRANCESA
1375,410,056.2.4.2,REVOLUÇÃO INDUSTRIAL
1450,489,056.3,PRÉ-HISTÓRIA
1115,119,057,HOMEM
1116,120,058,IDENTIDADE
1351,384,058.1,DISCRIMINAÇÃO - XENOFOBIA
1353,386,058.1.1,RACISMO
1117,121,059,INDEPENDÊNCIA
1118,122,060,ÍNDIO
1119,123,060.1,ÍNDIO AMÉRICA CENTRAL
1656,701,060.1.1,WARAO
1343,376,060.2,ÍNDIO AMÉRICA DO NORTE
1414,451,060.2.1,ÍNDIO ESTADOS UNIDOS
1537,576,060.2.1.1,NAVAJO
1643,682,060.2.1.2,SEMINOLE
1644,683,060.2.1.3,MICCOSUKEE
1646,685,060.2.1.4,SIOUX
1487,526,060.2.2,ÍNDIO MÉXICO
1488,527,060.2.2.1,PORIPECHA
1582,621,060.2.2.2,HUICHOLS - WIRRARICA
1583,622,060.2.3,ÍNDIO CANADÁ
1584,623,060.2.3.1,MOHAWK
1632,671,060.2.3.2,INUIT - ESQUIMÓS
1645,684,060.2.3.3,CREE
1709,754,060.2.3.4,INNU
1344,377,060.3,ÍNDIO AMÉRICA DO SUL
1402,439,060.3.1,ÍNDIO BRASIL
1409,446,060.3.1.1,KARAJÁ - CARAJÁ - JAVAÉ
1421,459,060.3.1.10,BARÉ
1422,460,060.3.1.11,TARIANO
1425,463,060.3.1.12,XAVANTE
1423,461,060.3.1.13,KRAHÔ - CRAÔ - KRAÔ
1424,462,060.3.1.14,KAIOWÁ
1426,464,060.3.1.15,PARAKANÃ - PARACANÃ
1427,465,060.3.1.16,SURUÍ
1428,466,060.3.1.17,CINTA LARGA
1429,467,060.3.1.17,TUPARI
1430,468,060.3.1.18,KANOE
1432,470,060.3.1.19,URU-EU-WAU-WAU - URUEU-UAU-UAU
1410,447,060.3.1.2,BANIWA
1431,469,060.3.1.20,ZOÉ
1434,472,060.3.1.21,GAVIÃO
1433,471,060.3.1.22,BORORO
1447,486,060.3.1.23,WAIÃPI - WAYAMPI - OYAMPI -
1451,490,060.3.1.24,NAMBIQUARA
1453,492,060.3.1.25,KUIKURO - KUIKURU
1454,493,060.3.1.26,TXUKARRAMÃE
1455,494,060.3.1.27,WAURÁ
1456,495,060.3.1.28,IAWALAPITI
1457,496,060.3.1.29,KRENAKORE - PANARÁ - KRENHAKORE
1554,593,060.3.1.3,KAXINAWÁ- CASHINAUÁ- CAXINAUÁ
1458,497,060.3.1.30,KAMAYURÁ - CAMAIURÁ
1469,508,060.3.1.31,MUNDURUKU - MUNDURUCU
1470,509,060.3.1.32,WAI WAI - WAIWAI
1471,510,060.3.1.33,WAYANA
1472,511,060.3.1.34,APALAI - APARAI
1473,512,060.3.1.35,PIRAHÃ
1474,513,060.3.1.36,KIRIRI
1481,520,060.3.1.37,KULINA - CULINA
1482,521,060.3.1.38,MATIS
1483,522,060.3.1.39,MATSÉ - MAYORUNA
1415,452,060.3.1.4,KRENAK
1484,523,060.3.1.40,MARUBO
1485,524,060.3.1.41,KANAMARI - CANAMARI
1491,530,060.3.1.42,KAYAPO - KAIAPO- CAIAPO
1492,531,060.3.1.43,GUAJÁ - AWÁ - AVÁ
1493,532,060.3.1.44,GUAJAJARA - TENETHEHARA
1494,533,060.3.1.45,PARESSI
1498,537,060.3.1.46,TAUREPANG - AREKUNA- TAULIPANG
1499,538,060.3.1.47,INGARIKÓ - AKAWAIO - INGARICÓ
1518,557,060.3.1.48,ZURUAHÃ - SOROWAHA - SURUWAHA
1528,567,060.3.1.49,MACURAP - MAKURAP
1416,454,060.3.1.5,YANOMAMI
1529,568,060.3.1.50,TIRIYÓ - PIANO - TRIO - TARONA
1547,586,060.3.1.51,TICUNA - TUKUNA - MAGÜTA
1548,587,060.3.1.52,MAKUXI - PEMON - MACUXI
1551,590,060.3.1.53,APINAYÉ - APINAJÉ - APINAIÉ
1552,591,060.3.1.54,KRIKATI - KRINKATI
1553,592,060.3.1.55,KANELA - CANELA
1556,595,060.3.1.56,KADIWEU - CADUVEO - CADIUÉU
1557,596,060.3.1.57,ASSURINI
1558,597,060.3.1.58,MAXAKALI - MAXACALI
1560,599,060.3.1.59,WANANO
1417,455,060.3.1.6,ASHANINKA
1561,600,060.3.1.60,TUYUKA
1564,603,060.3.1.61,TRUKÁ
1565,604,060.3.1.62,PATAXÓ
1568,607,060.3.1.63,KARIPUNA - CARIPUNA
1569,608,060.3.1.64,GALIBI - GALIBI MARWORNO - ARUÃ - GALIBI DO OIAPOQUE
1570,609,060.3.1.65,PALIKUR
1571,610,060.3.1.66,AWETI
1572,611,060.3.1.67,ZORÓ
1573,612,060.3.1.68,KWAZÁ
1604,643,060.3.1.69,ARAWETÉ - ARAUETÉ
1418,456,060.3.1.7,PANKARARU
1610,649,060.3.1.70,TREMEMBÉ
1616,655,060.3.1.71,TXIKÃO - TXICÃO - IKPENG
1621,660,060.3.1.72,GUARANI
1627,666,060.3.1.73,POYANAWA
1636,675,060.3.1.74,NAMBIKWARA - NHAMBIQUARA
1649,688,060.3.1.75,ENAWENÊ-NAWÊ - SALUMÃ
1653,698,060.3.1.76,AVA CANOEIRO
1654,699,060.3.1.77,BAKAIRI
1684,729,060.3.1.78,DESANA
1686,731,060.3.1.79,MAKU
1419,457,060.3.1.8,KAINGANG
1687,732,060.3.1.80,PIRATAPUIA
1420,458,060.3.1.81,MAXACALI
1688,733,060.3.1.82,TUKANO
1689,734,060.3.1.83,WAPIXANA
1690,735,060.3.1.84,HIXKARYANA
1691,736,060.3.1.85,ITOGAPUK
1692,737,060.3.1.86,KEP KIRI WAT
1693,738,060.3.1.87,PARINTINTIN
1694,739,060.3.1.88,ASURINI
1695,740,060.3.1.89,MAMAINDE
1696,741,060.3.1.90,JURUNA
1697,742,060.3.1.91,KAYABI
1698,743,060.3.1.92,XERENTE
1699,744,060.3.1.93,TAPIRAPE
1700,745,060.3.1.94,UMUTINA
1701,746,060.3.1.95,MAKÁ-MATAKO
1702,747,060.3.1.96,WITOTO/BORA
1704,749,060.3.1.97,WAUJA
1705,750,060.3.1.98,WAIMIRI-ATROARI
1730,777,060.3.1.99,SUYA
1735,782,060.3.100,BARÁ
1476,515,060.3.2,ÍNDIO VENEZUELA
1477,516,060.3.2.1,GUAHIBO
1478,517,060.3.2.2,MAKIRITARI
1479,518,060.3.2.3,PIAROA
1480,519,060.3.2.4,YANOMAMI - VENEZUELA
1500,539,060.3.3,ÍNDIO GUIANA FRANCESA
1574,613,060.3.4,ÍNDIO COLÔMBIA
1575,614,060.3.4.1,NUKAK MAKU
1614,653,060.3.5,ÍNDIO GUIANA INGLESA
1615,654,060.3.6,ÍNDIO SURINAME
1120,126,061,INDUMENTÁRIA
1121,127,062,INDUSTRIALIZAÇÃO
1122,128,063,JUDEU
1123,129,064,LAZER
1724,771,064.1,BRINCADEIRA
1124,130,065,LIBERDADE
1566,605,065.1,CENSURA
1125,131,066,LINGUAGEM
1358,392,066.1,ESCRITA
1359,393,066.2,LINGUAGEM AUDIOVISUAL
1360,394,066.3,LINGUAGEM SONORA
1361,395,066.4,LINGUAGEM VISUAL - IMAGEM
1555,594,066.4.1,PERCEPÇÃO VISUAL
1362,396,066.5,LINGUÍSTICA
1514,553,066.6,LINGUAGEM GESTUAL
1126,132,067,LITERATURA
1127,133,067.1,CONTO
1128,134,067.2,CORDEL
1129,135,067.3,CRÔNICA
1130,136,067.4,POESIA
1131,137,067.5,ROMANCE
1132,138,068,MATÉRIA PRIMA
1133,139,069,MEIO AMBIENTE - ECOLOGIA
1134,140,069.1,DESMATAMENTO
1135,141,069.2,EXTRATIVISMO
1136,142,069.2.1,EXTRATIVISMO VEGETAL
1138,144,069.2.1.1,MADEIRA
1139,145,069.2.1.2,SERINGUEIRA
1137,143,069.2.2,EXTRATIVISMO MINERAL - GARIMPO
1140,146,069.2.2.2,OURO
1141,147,069.2.2.3,DIAMANTE
1142,148,069.3,FLORESTA
1143,149,069.4,POLUIÇÃO
1144,150,069.5,RECURSOS NATURAIS
1145,151,069.5.1,RIO - MEIO AMBIENTE
1305,335,069.5.2,IGARAPÉ
1146,152,069.6,VEGETAÇÃO
1437,476,069.7,DESENVOLVIMENTO SUSTENTÁVEL
1738,785,069.8,FOGO
1739,786,069.9,PAISAGEM
1740,787,069.10,TERRENO
1147,153,070,MEMÓRIA
1148,154,071,MÍDIA - IMPRENSA
1149,155,071.1,JORNAL
1150,156,071.2,REVISTA - PERIÓDICO
1151,157,071.3,INTERNET
1152,158,071.4,RÁDIO
1153,159,071.5,TELEVISÃO - TV
1347,380,071.5.1,NOVELA - TELENOVELA
1154,160,072,POBREZA - MISÉRIA
1155,161,073,MITOLOGIA - COSMOLOGIA
1156,162,074,MODA
1157,163,075,MODERNISMO
1158,164,076,MODERNIDADE
1354,388,077,NOMINAÇÃO
1159,166,078,MORTE
1355,389,078.1,PENA DE MORTE
1160,167,079,MOVIMENTOS MIGRATÓRIOS
1161,168,079.1,EMIGRAÇÃO
1162,169,079.2,IMIGRAÇÃO
1163,170,079.3,EXÍLIO
1164,171,079.4,MIGRAÇÃO
1165,172,080,MULHER
1166,173,080.1,MATERNIDADE
1167,174,080.2,PARTO
1168,175,080.3,FEMINISMO
1169,176,081,MUSEU
1170,177,082,MÚSICA
1171,178,082.1,APRENDIZAGEM MUSICAL
1338,371,082.2,CANTO
1172,179,082.3,CONFECÇÃO INSTRUMENTO MUSICAL
1173,180,082.4,ESTILO MUSICAL
1339,372,082.4.1,BLUES
1175,182,082.4.2,SAMBA
1650,689,082.4.3,HIP HOP
1651,690,082.4.4,FUNK
1660,705,082.4.5,BOLERO
1664,709,082.4.6,SERTANEJA
1668,713,082.4.7,MPB - MÚSICA POPULAR BRASILEIRA
1174,181,082.5,INSTRUMENTO MUSICAL
1441,480,082.5.1,VIOLA CAIPIRA
1435,474,083,LIDERANÇA
1177,185,084,NAZISMO - NEONAZISMO
1176,184,085,NACIONALISMO
1178,186,086,NEGRO
1179,187,086.1,QUILOMBO
1180,188,087,ONG - ORGANIZAÇÃO NÃO GOVERNAMENTAL
1181,189,088,PATRIMÔNIO
1519,558,088.1,PATRIMONIO HISTÓRICO
1520,559,088.2,PATRIMONIO CULTURAL
1182,190,089,PERSONALIDADES
1350,383,089.10,TIRADENTES
1407,444,089.11,JORGE AMADO
1411,448,089.12,TANCREDO NEVES
1475,514,089.13,MARGARET MEAD
1496,535,089.14,LUIZ CARLOS PRESTES
1517,556,089.15,LEONARDO BOFF
1567,606,089.16,GEORGES MELIÈS
1577,616,089.17,AUGUSTE LUMIÉRE
1578,617,089.18,LOUIS LUMIÉRE
1579,618,089.19,CHARLES PATHÉ
1183,192,089.2,CHICO MENDES
1580,619,089.20,THOMAS EDISON
1718,763,089.21,LÉVI-STRAUSS
1184,193,089.3,MARECHAL CÂNDIDO RONDON
1185,194,089.4,MAO TSE TUNG
1186,195,089.5,GETÚLIO VARGAS
1332,364,089.6,MARTIN LUTHER KING
1333,365,089.7,PELÉ
1335,368,089.8,ZUMBI
1346,379,089.9,ALEIJADINHO
1187,196,090,PINTURA CORPORAL
1188,197,090.1,MAQUIAGEM
1340,373,090.2,PIERCING
1189,198,090.3,TATUAGEM
1190,199,091,PODER
1497,536,091.2,MILITAR
1191,200,092,POLÍTICA
1192,201,092.1,POLÍTICA AGRÁRIA
1196,205,092.1.1,CPT-COMISSÃO PASTORAL DA TERRA
1194,203,092.1.2,INCRA
1195,204,092.1.3,UDR - UNIÃO DEMOCRÁTICA RURALISTA
1193,202,092.2,POLÍTICA INDIGENISTA
1197,206,092.2.1,SPI - SERVIÇO DE PROTEÇÃO AO ÍNDIO
1198,207,092.2.2,FUNAI
1199,208,092.2.3,COMISSÃO DE FRONTEIRAS E LIMITES
1200,209,092.3,POLÍTICA INTERNACIONAL
1201,210,092.3.1,GLOBALIZAÇÃO
1202,211,092.3.2,ONU - ORGANIZAÇÃO DAS NAÇÕES UNIDAS
1546,585,092.3.3,IMPERIALISMO / DOMINAÇÃO
1203,212,092.4,POLÍTICA NACIONAL
1501,540,092.4.1,GOLPE MILITAR
1623,662,092.4.2,MOVIMENTO ESTUDANTIL
1204,213,092.5,ATIVIDADE POLÍTICA
1205,214,092.5.1,PASSEATA
1206,215,092.5.2,PROTESTO
1207,216,092.5.3,COMÍCIO
1399,434,092.5.4,REVOLUÇÃO
1412,449,092.5.5,TERRORISMO
1398,433,092.6,SISTEMA POLÍTICO
1400,435,092.6.1,MONARQUIA
1401,436,092.6.2,REPÚBLICA
1208,217,093,PROPAGANDA - PUBLICIDADE
1209,218,094,PRISÃO - SISTEMA PENITENCIÁRIO
1210,219,095,PROSTITUIÇÃO
1211,220,096,PSICOLOGIA
1212,221,097,RELIGIÃO
1213,222,097.1,CRISTIANISMO
1220,229,097.1.1,CATOLICISMO
1221,230,097.1.2,PROTESTANTISMO
1444,483,097.1.3,ESPIRITISMO - KARDECISMO
1214,223,097.2,ISLAMISMO
1215,224,097.3,JUDAISMO
1216,225,097.4,BUDISMO
1217,226,097.5,HINDUISMO
1218,227,097.6,SINCRETISMO
1219,228,097.7,RELIGIÕES AFRO-BRASILEIRAS
1442,481,097.7.1,CANDOMBLÉ
1443,482,097.7.2,UMBANDA
1222,231,097.8,CATEQUIZAÇÃO
1223,232,097.9,MISSÃO RELIGIOSA
1224,233,097.9.1,FRANCISCANOS
1225,234,097.9.2,DOMINICANOS
1226,235,097.9.3,JESUÍTAS
1227,236,097.9.4,SALESIANOS
1228,237,098,NOMES
1229,238,099,RETRATO
1230,239,100,RITUAL
1231,240,100.1,CASAMENTO
1232,241,100.2,RITUAL DE INICIAÇÃO
1233,242,100.3,RITUAL FUNERÁRIO
1234,243,100.4,RITUAL DE NOMINAÇÃO
1235,244,100.5,RITUAL DE NASCIMENTO
1236,245,100.6,MUTILAÇÃO RITUAL
1237,246,100.7,DEPILAÇÃO RITUAL
1238,247,100.8,CULTO AOS MORTOS
1459,498,100.9,KWARUP - KUARUP
1239,248,101,SAÚDE - DOENÇA
1240,249,101.1,MEDICINA
1241,250,101.2,ODONTOLOGIA
1242,251,101.3,POSTO DE SAÚDE
1243,252,101.4,POLÍTICA SANITARISTA
1244,253,101.5,EPIDEMIA
1245,254,101.6,TRATAMENTO DE SAÚDE
1617,656,101.7,PSIQUIATRIA
1246,255,102,SEGREGAÇÃO
1247,256,102.1,APARTHEID
1248,257,103,SEXUALIDADE - SEXO
1356,390,103.1,HOMOSSEXUALISMO
1732,779,103.2,TRANSGÊNERO
1733,780,103.2,TRANSGÊNERO-TRANSEXUAL
1249,258,104,SINDICATO - SINDICALISMO
1250,259,105,SOBRENATURAL
1251,260,106,SOCIOLOGIA
1252,261,107,SUBSISTÊNCIA - SUSTENTO
1253,262,107.1,AGRICULTURA
1254,263,107.2,CAÇA
1255,264,107.3,COLETA
1256,265,107.4,PECUÁRIA
1257,266,107.5,PESCA
1258,267,107.6,OBTENÇÃO DE ÁGUA
1259,268,108,TEATRO
1260,269,109,TEOLOGIA
1261,270,110,TRABALHO
1262,271,110.1,TRABALHADOR URBANO
1264,273,110.1.1,OPERÁRIO
1265,274,110.1.2,CAMELÔ - AMBULANTE
1263,272,110.2,TRABALHADOR RURAL - CAMPONÊS
1266,275,110.2.1,BÓIA FRIA
1495,534,110.3,MINEIRO
1734,781,110.4,PESCA
1267,280,111,TRANSPORTE
1274,287,111.1,TRANSPORTE AÉREO
1363,398,111.2,TRANSPORTE FERROVIÁRIO
1364,399,111.3,TRANSPORTE FLUVIAL
1438,477,111.3.1,NAVIO
1365,400,111.4,TRANSPORTE RODOVIÁRIO
1268,281,112,TURISMO
1269,282,113,UTENSÍLIO
1270,283,114,VELHICE - VELHO
1271,284,115,VIOLÊNCIA
1273,286,115.1,CRIMINALIDADE
1304,334,115.2,ESTUPRO
1366,401,115.3,POLÍCIA
1521,560,115.4,TORTURA
1606,645,115.5,INQUISIÇÃO
1272,285,117,XAMANISMO
1275,295,118,LOCALIDADE
1276,296,118.1,AFRICA
1527,566,118.10,BORNÉU
1538,577,118.11,AMÉRICA LATINA
1543,582,118.13,CARIBE
1549,588,118.14,ÁSIA
1413,450,118.14.1,ORIENTE MÉDIO
1600,639,118.15,AMÉRICA
1542,581,118.15.1,AMÉRICA CENTRAL
1666,711,118.15.2,AMÉRICA DO NORTE
1667,712,118.15.3,AMÉRICA DO SUL
1622,661,118.16,MAGREBE
1634,673,118.17,OCEANIA
1285,313,118.2,AMAZÔNIA
1439,478,118.2.1,NOROESTE AMAZÔNICO
1440,479,118.2.11,NORDESTE
1326,357,118.3,CÁUCASO
1308,339,118.4,POLINÉSIA
1376,411,118.5,PANTANAL
1397,432,118.6,ANTÁRTICA
1452,491,118.8,XINGU
1504,543,118.9,EUROPA
1277,299,119,PAÍS
1278,302,119.1,ALEMANHA
1593,632,119.1.1,ALEMANHA OCIDENTAL
1594,633,119.1.2,ALEMANHA ORIENTAL
1316,347,119.10,FRANÇA
1291,320,119.10.1,PARIS
1290,319,119.10.2,GUIANA FRANCESA
1674,719,119.100,NIGER
1676,721,119.101,SIERRA LEONE
1677,722,119.102,CABO VERDE
1679,724,119.103,TAHITI
1681,726,119.104,GUINÉ BISSAU
1682,727,119.105,CAMBOJA
1683,728,119.106,GUATEMALA
1706,751,119.107,FILIPINAS
1288,316,119.11,HOLANDA
1289,317,119.13,INGLATERRA
1625,664,119.13.1,LONDRES
1297,327,119.14,LÍBANO
1298,328,119.15,VENEZUELA
1299,329,119.16,RÚSSIA
1301,331,119.17,JAPÃO
1300,330,119.17.1,HIROSHIMA
1307,338,119.18,NOVA ZELÂNDIA
1309,340,119.19,IRAQUE
1281,309,119.2,ARGELIA
1310,341,119.20,GANA
1715,760,119.200,VIETNÃ
1725,772,119.201,ERITRÉIA
1311,342,119.21,MARROCOS
1312,343,119.22,SENEGAL
1313,344,119.23,SIBÉRIA
1314,345,119.24,UZBEQUISTÃO
1315,346,119.25,UNIÃO SOVIÉTICA
1317,348,119.26,MONGÓLIA
1318,349,119.27,MALAWI
1319,350,119.28,CISJORDÂNIA
1320,351,119.29,TUNÍSIA
1280,308,119.3,BELGICA
1322,353,119.30,IRÃ
1321,352,119.31,TURQUIA
1323,354,119.32,ISRAEL
1324,355,119.33,ETIÓPIA
1325,356,119.34,AZERBAIJÃO
1327,358,119.35,ÍNDIA
1328,359,119.36,AUSTRÁLIA
1329,360,119.37,CAMARÕES
1403,440,119.38,NAMÍBIA
1446,485,119.39,NIGERIA
1279,305,119.4,BRASIL
1377,412,119.4.10,MARANHÃO
1445,484,119.4.10.1,SÃO LUÍS
1378,413,119.4.11,MATO GROSSO
1379,414,119.4.12,MATO GROSSO DO SUL
1380,415,119.4.13,MINAS GERAIS
1608,647,119.4.13.1,UBERLÂNDIA
1669,714,119.4.13.2,BELO HORIZONTE
1381,416,119.4.14,PARÁ
1382,417,119.4.15,PARAÍBA
1383,418,119.4.16,PARANÁ
1672,717,119.4.16.1,CURITIBA
1384,419,119.4.17,PERNAMBUCO
1513,552,119.4.17.1,RECIFE
1385,420,119.4.18,PIAUÍ
1386,421,119.4.19,RIO DE JANEIRO
1559,598,119.4.19.1,RIO DE JANEIRO
1711,756,119.4.19.2,NITEROI
1712,757,119.4.19.3,SÃO FRANCISCO DE ITABAPOANA
1713,758,119.4.19.4,MACAÉ
1292,322,119.4.2,ALAGOAS
1387,422,119.4.20,RIO GRANDE DO NORTE
1388,423,119.4.21,RIO GRANDE DO SUL
1396,431,119.4.21.1,PORTO ALEGRE
1389,424,119.4.22,RONDÔNIA
1390,425,119.4.23,RORAIMA
1391,426,119.4.24,SANTA CATARINA
1392,427,119.4.25,SÃO PAULO
1393,428,119.4.25.1,SÃO PAULO
1633,672,119.4.25.2,CUBATÃO
1655,700,119.4.25.3,SANTOS
1657,702,119.4.25.4,SÃO VICENTE
1707,752,119.4.25.5,SOROCABA
1714,759,119.4.25.6,CAMPINAS
1394,429,119.4.26,SERGIPE
1395,430,119.4.27,TOCANTINS
1293,323,119.4.3,AMAPÁ
1296,326,119.4.3.1,MACAPÁ
1294,324,119.4.4,AMAZONAS
1295,325,119.4.5,BAHIA
1607,646,119.4.5.1,SALVADOR
1302,332,119.4.6,CEARÁ
1303,333,119.4.7,DISTRITO FEDERAL
1673,718,119.4.7.1,BRASÍLIA
1334,366,119.4.8,ESPÍRITO SANTO
1345,378,119.4.9,GOIÁS
1448,487,119.40,UCRÂNIA
1449,488,119.41,CHILE
1460,499,119.42,ANGOLA
1462,501,119.43,ÁFRICA DO SUL
1464,503,119.44,GRÉCIA
1486,525,119.45,MÉXICO
1489,528,119.46,PAPUA NOVA GUINÉ
1506,545,119.47,MOÇAMBIQUE
1507,546,119.48,GÂMBIA
1508,547,119.49,BOSTWANA
1282,310,119.5,CHINA
1509,548,119.50,QUÊNIA
1510,549,119.51,EGITO
1511,550,119.52,UGANDA
1512,551,119.53,LIBÉRIA
1523,562,119.54,TANZÂNIA
1525,564,119.55,INDONÉSIA
1526,565,119.56,RUANDA
1531,570,119.57,QUÊNIA
1532,571,119.58,ZAIRE
1533,572,119.59,COSTA DO MARFIM
1283,311,119.6,COLÔMBIA
1534,573,119.60,SOMÁLIA
1535,574,119.61,ZIMBÁBUE
1536,575,119.62,SUDÃO
1540,579,119.63,ARGENTINA
1544,583,119.64,CUBA
1545,584,119.65,SANTA LÚCIA
1550,589,119.66,TIMOR LESTE
1581,620,119.67,CANADÁ
1585,624,119.68,IUGOSLÁVIA
1586,625,119.69,JORDÂNIA
1287,315,119.7,AUSTRIA
1587,626,119.70,CROÁCIA
1588,627,119.71,CURDISTÃO
1589,628,119.72,SÍRIA
1590,629,119.73,URSS
1591,630,119.74,PORTUGAL
1631,670,119.74.1,LISBOA
1595,634,119.75,EQUADOR
1596,635,119.76,HAVAÍ - HAWAI
1597,636,119.77,MALI
1598,637,119.78,MAURITÂNIA
1599,638,119.79,PAQUISTÃO
1284,312,119.8,ESPANHA
1601,640,119.80,SUÉCIA
1602,641,119.81,TCHECOSLOVAQUIA
1603,642,119.82,REPUBLICA TCHECA
1609,648,119.83,BENIM
1611,650,119.84,CEILÃO
1612,651,119.85,TIBET
1618,657,119.86,ITÁLIA
1619,658,119.87,POLÔNIA
1620,659,119.88,BURQUINA FASO
1624,663,119.89,TOGO
1286,314,119.9,ESTADOS UNIDOS - EUA - USA
1613,652,119.9.1,NOVA IORQUE
1626,665,119.90,JAMAICA
1637,676,119.91,IRLANDA
1638,677,119.92,PERU
1639,678,119.93,BOLÍVIA
1640,679,119.94,BULGÁRIA
1641,680,119.95,ROMÊNIA
1642,681,119.96,CORÉIA DO SUL
1652,697,119.97,HAITI
1659,704,119.98,PANAMÁ
1662,707,119.99,PORTO RICO
1306,336,120,VIAGEM
1404,441,121,TRÁFICO
1405,442,121.1,DROGAS - TÓXICO
1406,443,121.2,TRÁFICO NEGREIRO
1502,541,122,CIÊNCIA
1503,542,122.1,PALEONTOLOGIA
1576,615,122.2,BIOLOGIA
1703,748,122.3,GEOLOGIA
1515,554,123,COMUNICAÇÃO
1516,555,124,FOLCLORE
1522,561,125,FRONTEIRA
1541,580,126,BELEZA - ESTÉTICA
1562,601,127,INTELECTUAIS
1605,644,128,FEITIÇARIA
1629,668,130,TECNOLOGIA
1678,723,131,ALUCINOGENO
1680,725,132,IDEOLOGIA
1710,755,134,EPISTEMOLOGIA
1720,765,135,GÊNERO
1721,768,136,ARISTOCRACIA
1722,769,137,FÉ
1728,775,138,PERFORMANCE
1731,778,139,HOMOSSEXUALIDADE