"tid","SGA_DESCRITOR","Codi_Descritor","name","corrigido","parent"
"1001","1","001","ALIMENTAÇÃO","1",""
"1002","2","001.1","ALIMENTOS","1.1","1001"
"1003","3","001.2","BEBIDAS","1.2","1001"
"1008","8","001.3","PREPARAÇÃO DO ALIMENTO","1.3","1001"
"1009","9","001.4","PROCESSAMENTO DA MANDIOCA","1.4","1001"
"1010","10","001.5","REFEIÇÃO","1.5","1001"
"1004","4","002","AMOR","2",""
"1005","5","003","ANIMAL","3",""
"1011","11","003.1","ANIMAL DOMÉSTICO","3.1","1005"
"1012","12","003.1.1","CACHORRO","3.1.1","1011"
"1013","13","003.1.2","GALINHA","3.1.2","1011"
"1014","14","003.1.3","PATO","3.1.3","1011"
"1015","15","003.2","ANIMAL SILVESTRE","3.2","1005"
"1016","16","003.2.1","ANTA","3.2.1","1015"
"1017","17","003.2.2","ARARA","3.2.2","1015"
"1524","563","003.2.3","MACACO","3.2.3","1015"
"1006","6","004","ANTROPOLOGIA","4",""
"1007","7","004.1","ANTROPOLOGIA FÍSICA","4.1","1006"
"1665","710","004.2","ANTROPOLOGIA SOCIAL","4.2","1006"
"1630","669","004.3","ANTROPOLOGIA VISUAL","4.3","1006"
"1018","18","005","ARMAS","5",""
"1019","19","005.1","CONFECÇÃO DE ARMAS","5.1","1018"
"1020","20","005.2","UTILIZAÇÃO DE ARMAS","5.2","1018"
"1021","21","006","ARQUEOLOGIA","6",""
"1022","22","006.1","ARTEFATO ARQUEOLÓGICO","6.1","1021"
"1023","23","006.2","ESCAVAÇÃO ARQUEOLÓGICA","6.2","1021"
"1024","24","006.3","PINTURA RUPESTRE","6.3","1021"
"1025","25","007","ARQUITETURA","7",""
"1671","716","007.1","ARQUITETURA BARROCA","7.1","1025"
"1505","544","008","ARTE","8",""
"1026","26","008.1","ARTES PLÁSTICAS","8.1","1505"
"1027","27","008.1.1","CHARGE","8.1.1","1026"
"1028","28","008.1.2","DESENHO","8.1.2","1026"
"1029","29","008.1.3","ESCULTURA","8.1.3","1026"
"1030","30","008.1.4","GRAVURA","8.1.4","1026"
"1336","369","008.1.5","PINTURA","8.1.5","1026"
"1661","706","008.1.6","GRAFITE","8.1.6","1026"
"1031","31","009","ARTESANATO","9",""
"1032","32","009.1","ARTESANATO EM MADEIRA","9.1","1031"
"1033","33","009.2","CERÂMICA","9.2","1031"
"1034","34","009.3","CESTARIA","9.3","1031"
"1035","35","009.4","TECELAGEM","9.4","1031"
"1685","730","009.5","ADORNO","9.5","1031"
"1036","36","010","AUDIOVISUAL - CINEMA - VÍDEO","10",""
"1037","37","010.1","DOCUMENTÁRIO","10.1","1036"
"1038","38","010.2","FICÇÃO","10.2","1036"
"1039","39","010.3","ANIMAÇÃO","10.3","1036"
"1040","40","010.4","VÍDEO CLIP","10.4","1036"
"1041","41","010.5","VÍDEO ARTE","10.5","1036"
"1647","686","010.6","FICÇÃO CIENTÍFICA","10.6","1036"
"1042","43","011","CAMPO - TERRA","11",""
"1043","44","011.1","DEMARCAÇÃO DE TERRITÓRIO","11.1","1042"
"1044","45","011.2","LUTA PELA TERRA","11.2","1042"
"1045","46","011.3","MST","11.3","1042"
"1046","47","011.4","REFORMA AGRÁRIA","11.4","1042"
"1047","48","012","JOVEM - ADOLESCENTE","12",""
"1048","49","013","CAPITALISMO","13",""
"1049","50","014","CIDADE","14",""
"1050","51","014.1","URBANIZAÇÃO","14.1","1049"
"1708","753","014.2","PERIFERIA","14.2","1049"
"1051","52","015","CIGANO","15",""
"1052","53","016","COLONIALISMO - NEOCOLONIALIMO","16",""
"1053","54","017","COLONIZAÇÃO","17",""
"1054","55","018","COMUNISMO - SOCIALISMO - MARXISMO","18",""
"1055","56","019","CORPO","19",""
"1056","57","020","CORRUPÇÃO","20",""
"1057","58","021","COTIDIANO","21",""
"1058","59","021.1","ATIVIDADES DOMÉSTICAS","21.1","1057"
"1059","61","021.1.1","ROÇA","21.1.1","1058"
"1060","62","022","CRIANÇA","22",""
"1061","63","022.1","FEBEM","22.1","1060"
"1062","64","022.2","INFÂNCIA","22.2","1060"
"1063","65","022.3","MENOR","22.3","1060"
"1064","66","023","CULINÁRIA - COZINHA","23",""
"1065","67","024","CULTURA AFRO-BRASILEIRA","24",""
"1066","68","025","CULTURA OCIDENTAL","25",""
"1067","69","026","CULTURA ORIENTAL","26",""
"1068","70","027","CULTURA MATERIAL","27",""
"1069","71","027.1","CERÂMICA MARAJOARA","27.1","1068"
"1675","720","027.2","MASCARA","27.2","1068"
"1070","72","028","DANÇA","28",""
"1071","73","029","DEFICIÊNCIA FÍSICA","29",""
"1072","74","030","DEFICIÊNCIA MENTAL","30",""
"1073","75","031","DEMOCRACIA","31",""
"1074","76","032","DIREITOS HUMANOS","32",""
"1658","703","032.1","CIDADANIA","32.1","1074"
"1075","77","033","COMPORTAMENTO","33",""
"1352","385","033.1","COMPORTAMENTO ANIMAL","33.1","1075"
"1530","569","033.2","COMPORTAMENTO HUMANO","33.2","1075"
"1076","78","034","DITADURA","34",""
"1077","79","035","ETNIA","35",""
"1408","445","035.1","DOGON","35.1","1077"
"1465","504","035.2","MÚILA","35.2","1077"
"1466","505","035.3","MUCUBAUS","35.3","1077"
"1467","506","035.4","SHANGAAN","35.4","1077"
"1468","507","035.5","HAWSA","35.5","1077"
"1490","529","035.6","RAGUE","35.6","1077"
"1592","631","035.7","CURDA - CURDO","35.7","1077"
"1648","687","035.8","DANI","35.8","1077"
"1078","80","036","ECONOMIA","36",""
"1348","381","036.1","ECONOMIA INFORMAL","36.1","1078"
"1349","382","036.2","INDÚSTRIA CULTURAL","36.2","1078"
"1670","715","036.3","COMÉRCIO","36.3","1078"
"1079","81","037","EDUCAÇÃO","37",""
"1628","667","037.1","UNIVERSIDADE","37.1","1079"
"1737","784","037.2","ESCOLA","37.2","1079"
"1080","82","038","ENERGIA","38",""
"1081","83","038.1","ENERGIA HIDRELÉTRICA","38.1","1080"
"1082","84","038.2","ENERGIA NUCLEAR","38.2","1080"
"1083","85","038.3","ENERGIA TERMOELÉTRICA","38.3","1080"
"1084","86","038.4","ENERGIA EÓLICA","38.4","1080"
"1085","87","039","ESCRAVIDÃO","39",""
"1086","88","040","ESPORTE","40",""
"1087","89","040.1","FUTEBOL","40.1","1086"
"1088","90","040.2","CORRIDA DE TORA","40.2","1086"
"1357","391","040.3","RUGBY","40.3","1086"
"1539","578","040.4","TOURADA","40.4","1086"
"1723","770","040.5","CAPOEIRA","40.5","1086"
"1716","761","040.5","CRÍQUETE","40.5","1086"
"1717","762","040.6","BEISEBOL","40.6","1086"
"1089","91","041","ÉTICA","41",""
"1090","92","042","ETNICIDADE","42",""
"1091","93","042.1","CONFLITO INTERÉTNICO","42.1","1090"
"1092","94","042.2","CONTATO INTERÉTNICO","42.2","1090"
"1093","95","042.3","MISCIGENAÇÃO","42.3","1090"
"1436","475","042.4","MUDANÇA CULTURAL","42.4","1090"
"1094","98","043","ETNOBOTÂNICA","43",""
"1095","99","044","ETNOMUSICOLOGIA","44",""
"1096","100","045","FASCISMO - NEOFASCISMO","45",""
"1097","101","046","FAMÍLIA","46",""
"1098","102","047","FESTA- FESTA POPULAR","47",""
"1101","105","047.1","CARNAVAL","47.1","1098"
"1102","106","047.2","BUMBA MEU BOI","47.2","1098"
"1103","107","047.3","FOLIA DE REIS","47.3","1098"
"1104","108","047.4","CAVALHADA","47.4","1098"
"1461","500","047.5","CONGADA","47.5","1098"
"1635","674","047.6","FESTA DO DIVINO","47.6","1098"
"1663","708","047.7","FANDANGO","47.7","1098"
"1099","103","048","FILOSOFIA","48",""
"1100","104","049","FOME","49",""
"1105","109","050","FOTOGRAFIA","50",""
"1106","110","051","FUMO - TABAGISMO","51",""
"1107","111","052","GREVE","52",""
"1108","112","053","GUERRA","53",""
"1109","113","053.1","GUERRA CIVIL","53.1","1108"
"1330","361","053.2","GUERRA MILITAR","53.2","1108"
"1341","374","053.2.1","PRIMEIRA GUERRA MUNDIAL","53.2.1","1330"
"1342","375","053.2.2","SEGUNDA GUERRA MUNDIAL","53.2.2","1330"
"1563","602","053.3","GUERRA FRIA","53.3","1108"
"1110","114","054","HABITAÇÃO - MORADIA","54",""
"1331","363","054.1","FAVELA","54.1","1110"
"1337","370","054.2","HABITANTES DE RUA - SEM TETO - MENDIGO","54.2","1110"
"1111","115","055","HIGIENE PESSOAL","55",""
"1112","116","056","HISTÓRIA","56",""
"1113","117","056.1","HISTÓRIA DO BRASIL","56.1","1112"
"1367","402","056.1.1","BRASIL COLÔNIA","56.1.1","1113"
"1368","403","056.1.2","BRASIL IMPÉRIO","56.1.2","1113"
"1369","404","056.1.3","BRASIL REPÚBLICA","56.1.3","1113"
"1114","118","056.2","HISTÓRIA GERAL","56.2","1112"
"1370","405","056.2.1","IDADE ANTIGA - ANTIGUIDADE","56.2.1","1114"
"1371","406","056.2.2","IDADE MÉDIA","56.2.2","1114"
"1372","407","056.2.3","IDADE MODERNA","56.2.3","1114"
"1463","502","056.2.3.1","RENASCIMENTO","56.2.3.1","1372"
"1373","408","056.2.4","IDADE CONTEMPORÂNEA","56.2.4","1114"
"1374","409","056.2.4.1","REVOLUÇÃO FRANCESA","56.2.4.1","1373"
"1375","410","056.2.4.2","REVOLUÇÃO INDUSTRIAL","56.2.4.2","1373"
"1450","489","056.3","PRÉ-HISTÓRIA","56.3","1112"
"1115","119","057","HOMEM","57",""
"1116","120","058","IDENTIDADE","58",""
"1351","384","058.1","DISCRIMINAÇÃO - XENOFOBIA","58.1","1116"
"1353","386","058.1.1","RACISMO","58.1.1","1351"
"1117","121","059","INDEPENDÊNCIA","59",""
"1118","122","060","ÍNDIO","60",""
"1119","123","060.1","ÍNDIO AMÉRICA CENTRAL","60.1","1118"
"1656","701","060.1.1","WARAO","60.1.1","1119"
"1343","376","060.2","ÍNDIO AMÉRICA DO NORTE","60.2","1118"
"1414","451","060.2.1","ÍNDIO ESTADOS UNIDOS","60.2.1","1343"
"1537","576","060.2.1.1","NAVAJO","60.2.1.1","1414"
"1643","682","060.2.1.2","SEMINOLE","60.2.1.2","1414"
"1644","683","060.2.1.3","MICCOSUKEE","60.2.1.3","1414"
"1646","685","060.2.1.4","SIOUX","60.2.1.4","1414"
"1487","526","060.2.2","ÍNDIO MÉXICO","60.2.2","1343"
"1488","527","060.2.2.1","PORIPECHA","60.2.2.1","1487"
"1582","621","060.2.2.2","HUICHOLS - WIRRARICA","60.2.2.2","1487"
"1583","622","060.2.3","ÍNDIO CANADÁ","60.2.3","1343"
"1584","623","060.2.3.1","MOHAWK","60.2.3.1","1583"
"1632","671","060.2.3.2","INUIT - ESQUIMÓS","60.2.3.2","1583"
"1645","684","060.2.3.3","CREE","60.2.3.3","1583"
"1709","754","060.2.3.4","INNU","60.2.3.4","1583"
"1344","377","060.3","ÍNDIO AMÉRICA DO SUL","60.3","1118"
"1402","439","060.3.1","ÍNDIO BRASIL","60.3.1","1344"
"1409","446","060.3.1.1","KARAJÁ - CARAJÁ - JAVAÉ","60.3.1.1","1402"
"1421","459","060.3.1.10","BARÉ","60.3.1.10","1402"
"1422","460","060.3.1.11","TARIANO","60.3.1.11","1402"
"1425","463","060.3.1.12","XAVANTE","60.3.1.12","1402"
"1423","461","060.3.1.13","KRAHÔ - CRAÔ - KRAÔ","60.3.1.13","1402"
"1424","462","060.3.1.14","KAIOWÁ","60.3.1.14","1402"
"1426","464","060.3.1.15","PARAKANÃ - PARACANÃ","60.3.1.15","1402"
"1427","465","060.3.1.16","SURUÍ","60.3.1.16","1402"
"1428","466","060.3.1.17","CINTA LARGA","60.3.1.17","1402"
"1429","467","060.3.1.17","TUPARI","60.3.1.17","1402"
"1430","468","060.3.1.18","KANOE","60.3.1.18","1402"
"1432","470","060.3.1.19","URU-EU-WAU-WAU - URUEU-UAU-UAU","60.3.1.19","1402"
"1410","447","060.3.1.2","BANIWA","60.3.1.2","1402"
"1431","469","060.3.1.20","ZOÉ","60.3.1.20","1402"
"1434","472","060.3.1.21","GAVIÃO","60.3.1.21","1402"
"1433","471","060.3.1.22","BORORO","60.3.1.22","1402"
"1447","486","060.3.1.23","WAIÃPI - WAYAMPI - OYAMPI -","60.3.1.23","1402"
"1451","490","060.3.1.24","NAMBIQUARA","60.3.1.24","1402"
"1453","492","060.3.1.25","KUIKURO - KUIKURU","60.3.1.25","1402"
"1454","493","060.3.1.26","TXUKARRAMÃE","60.3.1.26","1402"
"1455","494","060.3.1.27","WAURÁ","60.3.1.27","1402"
"1456","495","060.3.1.28","IAWALAPITI","60.3.1.28","1402"
"1457","496","060.3.1.29","KRENAKORE - PANARÁ - KRENHAKORE","60.3.1.29","1402"
"1554","593","060.3.1.3","KAXINAWÁ- CASHINAUÁ- CAXINAUÁ","60.3.1.3","1402"
"1458","497","060.3.1.30","KAMAYURÁ - CAMAIURÁ","60.3.1.30","1402"
"1469","508","060.3.1.31","MUNDURUKU - MUNDURUCU","60.3.1.31","1402"
"1470","509","060.3.1.32","WAI WAI - WAIWAI","60.3.1.32","1402"
"1471","510","060.3.1.33","WAYANA","60.3.1.33","1402"
"1472","511","060.3.1.34","APALAI - APARAI","60.3.1.34","1402"
"1473","512","060.3.1.35","PIRAHÃ","60.3.1.35","1402"
"1474","513","060.3.1.36","KIRIRI","60.3.1.36","1402"
"1481","520","060.3.1.37","KULINA - CULINA","60.3.1.37","1402"
"1482","521","060.3.1.38","MATIS","60.3.1.38","1402"
"1483","522","060.3.1.39","MATSÉ - MAYORUNA","60.3.1.39","1402"
"1415","452","060.3.1.4","KRENAK","60.3.1.4","1402"
"1484","523","060.3.1.40","MARUBO","60.3.1.40","1402"
"1485","524","060.3.1.41","KANAMARI - CANAMARI","60.3.1.41","1402"
"1491","530","060.3.1.42","KAYAPO - KAIAPO- CAIAPO","60.3.1.42","1402"
"1492","531","060.3.1.43","GUAJÁ - AWÁ - AVÁ","60.3.1.43","1402"
"1493","532","060.3.1.44","GUAJAJARA - TENETHEHARA","60.3.1.44","1402"
"1494","533","060.3.1.45","PARESSI","60.3.1.45","1402"
"1498","537","060.3.1.46","TAUREPANG - AREKUNA- TAULIPANG","60.3.1.46","1402"
"1499","538","060.3.1.47","INGARIKÓ - AKAWAIO - INGARICÓ","60.3.1.47","1402"
"1518","557","060.3.1.48","ZURUAHÃ - SOROWAHA - SURUWAHA","60.3.1.48","1402"
"1528","567","060.3.1.49","MACURAP - MAKURAP","60.3.1.49","1402"
"1416","454","060.3.1.5","YANOMAMI","60.3.1.5","1402"
"1529","568","060.3.1.50","TIRIYÓ - PIANO - TRIO - TARONA","60.3.1.50","1402"
"1547","586","060.3.1.51","TICUNA - TUKUNA - MAGÜTA","60.3.1.51","1402"
"1548","587","060.3.1.52","MAKUXI - PEMON - MACUXI","60.3.1.52","1402"
"1551","590","060.3.1.53","APINAYÉ - APINAJÉ - APINAIÉ","60.3.1.53","1402"
"1552","591","060.3.1.54","KRIKATI - KRINKATI","60.3.1.54","1402"
"1553","592","060.3.1.55","KANELA - CANELA","60.3.1.55","1402"
"1556","595","060.3.1.56","KADIWEU - CADUVEO - CADIUÉU","60.3.1.56","1402"
"1557","596","060.3.1.57","ASSURINI","60.3.1.57","1402"
"1558","597","060.3.1.58","MAXAKALI - MAXACALI","60.3.1.58","1402"
"1560","599","060.3.1.59","WANANO","60.3.1.59","1402"
"1417","455","060.3.1.6","ASHANINKA","60.3.1.6","1402"
"1561","600","060.3.1.60","TUYUKA","60.3.1.60","1402"
"1564","603","060.3.1.61","TRUKÁ","60.3.1.61","1402"
"1565","604","060.3.1.62","PATAXÓ","60.3.1.62","1402"
"1568","607","060.3.1.63","KARIPUNA - CARIPUNA","60.3.1.63","1402"
"1569","608","060.3.1.64","GALIBI - GALIBI MARWORNO - ARUÃ - GALIBI DO OIAPOQUE","60.3.1.64","1402"
"1570","609","060.3.1.65","PALIKUR","60.3.1.65","1402"
"1571","610","060.3.1.66","AWETI","60.3.1.66","1402"
"1572","611","060.3.1.67","ZORÓ","60.3.1.67","1402"
"1573","612","060.3.1.68","KWAZÁ","60.3.1.68","1402"
"1604","643","060.3.1.69","ARAWETÉ - ARAUETÉ","60.3.1.69","1402"
"1418","456","060.3.1.7","PANKARARU","60.3.1.7","1402"
"1610","649","060.3.1.70","TREMEMBÉ","60.3.1.70","1402"
"1616","655","060.3.1.71","TXIKÃO - TXICÃO - IKPENG","60.3.1.71","1402"
"1621","660","060.3.1.72","GUARANI","60.3.1.72","1402"
"1627","666","060.3.1.73","POYANAWA","60.3.1.73","1402"
"1636","675","060.3.1.74","NAMBIKWARA - NHAMBIQUARA","60.3.1.74","1402"
"1649","688","060.3.1.75","ENAWENÊ-NAWÊ - SALUMÃ","60.3.1.75","1402"
"1653","698","060.3.1.76","AVA CANOEIRO","60.3.1.76","1402"
"1654","699","060.3.1.77","BAKAIRI","60.3.1.77","1402"
"1684","729","060.3.1.78","DESANA","60.3.1.78","1402"
"1686","731","060.3.1.79","MAKU","60.3.1.79","1402"
"1419","457","060.3.1.8","KAINGANG","60.3.1.8","1402"
"1687","732","060.3.1.80","PIRATAPUIA","60.3.1.80","1402"
"1420","458","060.3.1.81","MAXACALI","60.3.1.81","1402"
"1688","733","060.3.1.82","TUKANO","60.3.1.82","1402"
"1689","734","060.3.1.83","WAPIXANA","60.3.1.83","1402"
"1690","735","060.3.1.84","HIXKARYANA","60.3.1.84","1402"
"1691","736","060.3.1.85","ITOGAPUK","60.3.1.85","1402"
"1692","737","060.3.1.86","KEP KIRI WAT","60.3.1.86","1402"
"1693","738","060.3.1.87","PARINTINTIN","60.3.1.87","1402"
"1694","739","060.3.1.88","ASURINI","60.3.1.88","1402"
"1695","740","060.3.1.89","MAMAINDE","60.3.1.89","1402"
"1696","741","060.3.1.90","JURUNA","60.3.1.90","1402"
"1697","742","060.3.1.91","KAYABI","60.3.1.91","1402"
"1698","743","060.3.1.92","XERENTE","60.3.1.92","1402"
"1699","744","060.3.1.93","TAPIRAPE","60.3.1.93","1402"
"1700","745","060.3.1.94","UMUTINA","60.3.1.94","1402"
"1701","746","060.3.1.95","MAKÁ-MATAKO","60.3.1.95","1402"
"1702","747","060.3.1.96","WITOTO/BORA","60.3.1.96","1402"
"1704","749","060.3.1.97","WAUJA","60.3.1.97","1402"
"1705","750","060.3.1.98","WAIMIRI-ATROARI","60.3.1.98","1402"
"1730","777","060.3.1.99","SUYA","60.3.1.99","1402"
"1735","782","060.3.100","BARÁ","60.3.100","1344"
"1476","515","060.3.2","ÍNDIO VENEZUELA","60.3.2","1344"
"1477","516","060.3.2.1","GUAHIBO","60.3.2.1","1476"
"1478","517","060.3.2.2","MAKIRITARI","60.3.2.2","1476"
"1479","518","060.3.2.3","PIAROA","60.3.2.3","1476"
"1480","519","060.3.2.4","YANOMAMI - VENEZUELA","60.3.2.4","1476"
"1500","539","060.3.3","ÍNDIO GUIANA FRANCESA","60.3.3","1344"
"1574","613","060.3.4","ÍNDIO COLÔMBIA","60.3.4","1344"
"1575","614","060.3.4.1","NUKAK MAKU","60.3.4.1","1574"
"1614","653","060.3.5","ÍNDIO GUIANA INGLESA","60.3.5","1344"
"1615","654","060.3.6","ÍNDIO SURINAME","60.3.6","1344"
"1120","126","061","INDUMENTÁRIA","61",""
"1121","127","062","INDUSTRIALIZAÇÃO","62",""
"1122","128","063","JUDEU","63",""
"1123","129","064","LAZER","64",""
"1724","771","064.1","BRINCADEIRA","64.1","1123"
"1124","130","065","LIBERDADE","65",""
"1566","605","065.1","CENSURA","65.1","1124"
"1125","131","066","LINGUAGEM","66",""
"1358","392","066.1","ESCRITA","66.1","1125"
"1359","393","066.2","LINGUAGEM AUDIOVISUAL","66.2","1125"
"1360","394","066.3","LINGUAGEM SONORA","66.3","1125"
"1361","395","066.4","LINGUAGEM VISUAL - IMAGEM","66.4","1125"
"1555","594","066.4.1","PERCEPÇÃO VISUAL","66.4.1","1361"
"1362","396","066.5","LINGUÍSTICA","66.5","1125"
"1514","553","066.6","LINGUAGEM GESTUAL","66.6","1125"
"1126","132","067","LITERATURA","67",""
"1127","133","067.1","CONTO","67.1","1126"
"1128","134","067.2","CORDEL","67.2","1126"
"1129","135","067.3","CRÔNICA","67.3","1126"
"1130","136","067.4","POESIA","67.4","1126"
"1131","137","067.5","ROMANCE","67.5","1126"
"1132","138","068","MATÉRIA PRIMA","68",""
"1133","139","069","MEIO AMBIENTE - ECOLOGIA","69",""
"1134","140","069.1","DESMATAMENTO","69.1","1133"
"1135","141","069.2","EXTRATIVISMO","69.2","1133"
"1136","142","069.2.1","EXTRATIVISMO VEGETAL","69.2.1","1135"
"1138","144","069.2.1.1","MADEIRA","69.2.1.1","1136"
"1139","145","069.2.1.2","SERINGUEIRA","69.2.1.2","1136"
"1137","143","069.2.2","EXTRATIVISMO MINERAL - GARIMPO","69.2.2","1135"
"1140","146","069.2.2.2","OURO","69.2.2.2","1137"
"1141","147","069.2.2.3","DIAMANTE","69.2.2.3","1137"
"1142","148","069.3","FLORESTA","69.3","1133"
"1143","149","069.4","POLUIÇÃO","69.4","1133"
"1144","150","069.5","RECURSOS NATURAIS","69.5","1133"
"1145","151","069.5.1","RIO - MEIO AMBIENTE","69.5.1","1144"
"1305","335","069.5.2","IGARAPÉ","69.5.2","1144"
"1146","152","069.6","VEGETAÇÃO","69.6","1133"
"1437","476","069.7","DESENVOLVIMENTO SUSTENTÁVEL","69.7","1133"
"1738","785","069.8","FOGO","69.8","1133"
"1739","786","069.9","PAISAGEM","69.9","1133"
"1740","787","069.10","TERRENO","69.10","1133"
"1147","153","070","MEMÓRIA","70",""
"1148","154","071","MÍDIA - IMPRENSA","71",""
"1149","155","071.1","JORNAL","71.1","1148"
"1150","156","071.2","REVISTA - PERIÓDICO","71.2","1148"
"1151","157","071.3","INTERNET","71.3","1148"
"1152","158","071.4","RÁDIO","71.4","1148"
"1153","159","071.5","TELEVISÃO - TV","71.5","1148"
"1347","380","071.5.1","NOVELA - TELENOVELA","71.5.1","1153"
"1154","160","072","POBREZA - MISÉRIA","72",""
"1155","161","073","MITOLOGIA - COSMOLOGIA","73",""
"1156","162","074","MODA","74",""
"1157","163","075","MODERNISMO","75",""
"1158","164","076","MODERNIDADE","76",""
"1354","388","077","NOMINAÇÃO","77",""
"1159","166","078","MORTE","78",""
"1355","389","078.1","PENA DE MORTE","78.1","1159"
"1160","167","079","MOVIMENTOS MIGRATÓRIOS","79",""
"1161","168","079.1","EMIGRAÇÃO","79.1","1160"
"1162","169","079.2","IMIGRAÇÃO","79.2","1160"
"1163","170","079.3","EXÍLIO","79.3","1160"
"1164","171","079.4","MIGRAÇÃO","79.4","1160"
"1165","172","080","MULHER","80",""
"1166","173","080.1","MATERNIDADE","80.1","1165"
"1167","174","080.2","PARTO","80.2","1165"
"1168","175","080.3","FEMINISMO","80.3","1165"
"1169","176","081","MUSEU","81",""
"1170","177","082","MÚSICA","82",""
"1171","178","082.1","APRENDIZAGEM MUSICAL","82.1","1170"
"1338","371","082.2","CANTO","82.2","1170"
"1172","179","082.3","CONFECÇÃO INSTRUMENTO MUSICAL","82.3","1170"
"1173","180","082.4","ESTILO MUSICAL","82.4","1170"
"1339","372","082.4.1","BLUES","82.4.1","1173"
"1175","182","082.4.2","SAMBA","82.4.2","1173"
"1650","689","082.4.3","HIP HOP","82.4.3","1173"
"1651","690","082.4.4","FUNK","82.4.4","1173"
"1660","705","082.4.5","BOLERO","82.4.5","1173"
"1664","709","082.4.6","SERTANEJA","82.4.6","1173"
"1668","713","082.4.7","MPB - MÚSICA POPULAR BRASILEIRA","82.4.7","1173"
"1174","181","082.5","INSTRUMENTO MUSICAL","82.5","1170"
"1441","480","082.5.1","VIOLA CAIPIRA","82.5.1","1174"
"1435","474","083","LIDERANÇA","83",""
"1177","185","084","NAZISMO - NEONAZISMO","84",""
"1176","184","085","NACIONALISMO","85",""
"1178","186","086","NEGRO","86",""
"1179","187","086.1","QUILOMBO","86.1","1178"
"1180","188","087","ONG - ORGANIZAÇÃO NÃO GOVERNAMENTAL","87",""
"1181","189","088","PATRIMÔNIO","88",""
"1519","558","088.1","PATRIMONIO HISTÓRICO","88.1","1181"
"1520","559","088.2","PATRIMONIO CULTURAL","88.2","1181"
"1182","190","089","PERSONALIDADES","89",""
"1350","383","089.10","TIRADENTES","89.10","1182"
"1407","444","089.11","JORGE AMADO","89.11","1182"
"1411","448","089.12","TANCREDO NEVES","89.12","1182"
"1475","514","089.13","MARGARET MEAD","89.13","1182"
"1496","535","089.14","LUIZ CARLOS PRESTES","89.14","1182"
"1517","556","089.15","LEONARDO BOFF","89.15","1182"
"1567","606","089.16","GEORGES MELIÈS","89.16","1182"
"1577","616","089.17","AUGUSTE LUMIÉRE","89.17","1182"
"1578","617","089.18","LOUIS LUMIÉRE","89.18","1182"
"1579","618","089.19","CHARLES PATHÉ","89.19","1182"
"1183","192","089.2","CHICO MENDES","89.2","1182"
"1580","619","089.20","THOMAS EDISON","89.20","1182"
"1718","763","089.21","LÉVI-STRAUSS","89.21","1182"
"1184","193","089.3","MARECHAL CÂNDIDO RONDON","89.3","1182"
"1185","194","089.4","MAO TSE TUNG","89.4","1182"
"1186","195","089.5","GETÚLIO VARGAS","89.5","1182"
"1332","364","089.6","MARTIN LUTHER KING","89.6","1182"
"1333","365","089.7","PELÉ","89.7","1182"
"1335","368","089.8","ZUMBI","89.8","1182"
"1346","379","089.9","ALEIJADINHO","89.9","1182"
"1187","196","090","PINTURA CORPORAL","90",""
"1188","197","090.1","MAQUIAGEM","90.1","1187"
"1340","373","090.2","PIERCING","90.2","1187"
"1189","198","090.3","TATUAGEM","90.3","1187"
"1190","199","091","PODER","91",""
"1497","536","091.2","MILITAR","91.2","1190"
"1191","200","092","POLÍTICA","92",""
"1192","201","092.1","POLÍTICA AGRÁRIA","92.1","1191"
"1196","205","092.1.1","CPT-COMISSÃO PASTORAL DA TERRA","92.1.1","1192"
"1194","203","092.1.2","INCRA","92.1.2","1192"
"1195","204","092.1.3","UDR - UNIÃO DEMOCRÁTICA RURALISTA","92.1.3","1192"
"1193","202","092.2","POLÍTICA INDIGENISTA","92.2","1191"
"1197","206","092.2.1","SPI - SERVIÇO DE PROTEÇÃO AO ÍNDIO","92.2.1","1193"
"1198","207","092.2.2","FUNAI","92.2.2","1193"
"1199","208","092.2.3","COMISSÃO DE FRONTEIRAS E LIMITES","92.2.3","1193"
"1200","209","092.3","POLÍTICA INTERNACIONAL","92.3","1191"
"1201","210","092.3.1","GLOBALIZAÇÃO","92.3.1","1200"
"1202","211","092.3.2","ONU - ORGANIZAÇÃO DAS NAÇÕES UNIDAS","92.3.2","1200"
"1546","585","092.3.3","IMPERIALISMO / DOMINAÇÃO","92.3.3","1200"
"1203","212","092.4","POLÍTICA NACIONAL","92.4","1191"
"1501","540","092.4.1","GOLPE MILITAR","92.4.1","1203"
"1623","662","092.4.2","MOVIMENTO ESTUDANTIL","92.4.2","1203"
"1204","213","092.5","ATIVIDADE POLÍTICA","92.5","1191"
"1205","214","092.5.1","PASSEATA","92.5.1","1204"
"1206","215","092.5.2","PROTESTO","92.5.2","1204"
"1207","216","092.5.3","COMÍCIO","92.5.3","1204"
"1399","434","092.5.4","REVOLUÇÃO","92.5.4","1204"
"1412","449","092.5.5","TERRORISMO","92.5.5","1204"
"1398","433","092.6","SISTEMA POLÍTICO","92.6","1191"
"1400","435","092.6.1","MONARQUIA","92.6.1","1398"
"1401","436","092.6.2","REPÚBLICA","92.6.2","1398"
"1208","217","093","PROPAGANDA - PUBLICIDADE","93",""
"1209","218","094","PRISÃO - SISTEMA PENITENCIÁRIO","94",""
"1210","219","095","PROSTITUIÇÃO","95",""
"1211","220","096","PSICOLOGIA","96",""
"1212","221","097","RELIGIÃO","97",""
"1213","222","097.1","CRISTIANISMO","97.1","1212"
"1220","229","097.1.1","CATOLICISMO","97.1.1","1213"
"1221","230","097.1.2","PROTESTANTISMO","97.1.2","1213"
"1444","483","097.1.3","ESPIRITISMO - KARDECISMO","97.1.3","1213"
"1214","223","097.2","ISLAMISMO","97.2","1212"
"1215","224","097.3","JUDAISMO","97.3","1212"
"1216","225","097.4","BUDISMO","97.4","1212"
"1217","226","097.5","HINDUISMO","97.5","1212"
"1218","227","097.6","SINCRETISMO","97.6","1212"
"1219","228","097.7","RELIGIÕES AFRO-BRASILEIRAS","97.7","1212"
"1442","481","097.7.1","CANDOMBLÉ","97.7.1","1219"
"1443","482","097.7.2","UMBANDA","97.7.2","1219"
"1222","231","097.8","CATEQUIZAÇÃO","97.8","1212"
"1223","232","097.9","MISSÃO RELIGIOSA","97.9","1212"
"1224","233","097.9.1","FRANCISCANOS","97.9.1","1223"
"1225","234","097.9.2","DOMINICANOS","97.9.2","1223"
"1226","235","097.9.3","JESUÍTAS","97.9.3","1223"
"1227","236","097.9.4","SALESIANOS","97.9.4","1223"
"1228","237","098","NOMES","98",""
"1229","238","099","RETRATO","99",""
"1230","239","100","RITUAL","100",""
"1231","240","100.1","CASAMENTO","100.1","1230"
"1232","241","100.2","RITUAL DE INICIAÇÃO","100.2","1230"
"1233","242","100.3","RITUAL FUNERÁRIO","100.3","1230"
"1234","243","100.4","RITUAL DE NOMINAÇÃO","100.4","1230"
"1235","244","100.5","RITUAL DE NASCIMENTO","100.5","1230"
"1236","245","100.6","MUTILAÇÃO RITUAL","100.6","1230"
"1237","246","100.7","DEPILAÇÃO RITUAL","100.7","1230"
"1238","247","100.8","CULTO AOS MORTOS","100.8","1230"
"1459","498","100.9","KWARUP - KUARUP","100.9","1230"
"1239","248","101","SAÚDE - DOENÇA","101",""
"1240","249","101.1","MEDICINA","101.1","1239"
"1241","250","101.2","ODONTOLOGIA","101.2","1239"
"1242","251","101.3","POSTO DE SAÚDE","101.3","1239"
"1243","252","101.4","POLÍTICA SANITARISTA","101.4","1239"
"1244","253","101.5","EPIDEMIA","101.5","1239"
"1245","254","101.6","TRATAMENTO DE SAÚDE","101.6","1239"
"1617","656","101.7","PSIQUIATRIA","101.7","1239"
"1246","255","102","SEGREGAÇÃO","102",""
"1247","256","102.1","APARTHEID","102.1","1246"
"1248","257","103","SEXUALIDADE - SEXO","103",""
"1356","390","103.1","HOMOSSEXUALISMO","103.1","1248"
"1732","779","103.2","TRANSGÊNERO","103.2","1248"
"1733","780","103.2","TRANSGÊNERO-TRANSEXUAL","103.2","1248"
"1249","258","104","SINDICATO - SINDICALISMO","104",""
"1250","259","105","SOBRENATURAL","105",""
"1251","260","106","SOCIOLOGIA","106",""
"1252","261","107","SUBSISTÊNCIA - SUSTENTO","107",""
"1253","262","107.1","AGRICULTURA","107.1","1252"
"1254","263","107.2","CAÇA","107.2","1252"
"1255","264","107.3","COLETA","107.3","1252"
"1256","265","107.4","PECUÁRIA","107.4","1252"
"1257","266","107.5","PESCA","107.5","1252"
"1258","267","107.6","OBTENÇÃO DE ÁGUA","107.6","1252"
"1259","268","108","TEATRO","108",""
"1260","269","109","TEOLOGIA","109",""
"1261","270","110","TRABALHO","110",""
"1262","271","110.1","TRABALHADOR URBANO","110.1","1261"
"1264","273","110.1.1","OPERÁRIO","110.1.1","1262"
"1265","274","110.1.2","CAMELÔ - AMBULANTE","110.1.2","1262"
"1263","272","110.2","TRABALHADOR RURAL - CAMPONÊS","110.2","1261"
"1266","275","110.2.1","BÓIA FRIA","110.2.1","1263"
"1495","534","110.3","MINEIRO","110.3","1261"
"1734","781","110.4","PESCA","110.4","1261"
"1267","280","111","TRANSPORTE","111",""
"1274","287","111.1","TRANSPORTE AÉREO","111.1","1267"
"1363","398","111.2","TRANSPORTE FERROVIÁRIO","111.2","1267"
"1364","399","111.3","TRANSPORTE FLUVIAL","111.3","1267"
"1438","477","111.3.1","NAVIO","111.3.1","1364"
"1365","400","111.4","TRANSPORTE RODOVIÁRIO","111.4","1267"
"1268","281","112","TURISMO","112",""
"1269","282","113","UTENSÍLIO","113",""
"1270","283","114","VELHICE - VELHO","114",""
"1271","284","115","VIOLÊNCIA","115",""
"1273","286","115.1","CRIMINALIDADE","115.1","1271"
"1304","334","115.2","ESTUPRO","115.2","1271"
"1366","401","115.3","POLÍCIA","115.3","1271"
"1521","560","115.4","TORTURA","115.4","1271"
"1606","645","115.5","INQUISIÇÃO","115.5","1271"
"1272","285","117","XAMANISMO","117",""
"1275","295","118","LOCALIDADE","118",""
"1276","296","118.1","AFRICA","118.1","1275"
"1527","566","118.10","BORNÉU","118.10","1275"
"1538","577","118.11","AMÉRICA LATINA","118.11","1275"
"1543","582","118.13","CARIBE","118.13","1275"
"1549","588","118.14","ÁSIA","118.14","1275"
"1413","450","118.14.1","ORIENTE MÉDIO","118.14.1","1549"
"1600","639","118.15","AMÉRICA","118.15","1275"
"1542","581","118.15.1","AMÉRICA CENTRAL","118.15.1","1600"
"1666","711","118.15.2","AMÉRICA DO NORTE","118.15.2","1600"
"1667","712","118.15.3","AMÉRICA DO SUL","118.15.3","1600"
"1622","661","118.16","MAGREBE","118.16","1275"
"1634","673","118.17","OCEANIA","118.17","1275"
"1285","313","118.2","AMAZÔNIA","118.2","1275"
"1439","478","118.2.1","NOROESTE AMAZÔNICO","118.2.1","1285"
"1440","479","118.2.11","NORDESTE","118.2.11","1285"
"1326","357","118.3","CÁUCASO","118.3","1275"
"1308","339","118.4","POLINÉSIA","118.4","1275"
"1376","411","118.5","PANTANAL","118.5","1275"
"1397","432","118.6","ANTÁRTICA","118.6","1275"
"1452","491","118.8","XINGU","118.8","1275"
"1504","543","118.9","EUROPA","118.9","1275"
"1277","299","119","PAÍS","119",""
"1278","302","119.1","ALEMANHA","119.1","1277"
"1593","632","119.1.1","ALEMANHA OCIDENTAL","119.1.1","1278"
"1594","633","119.1.2","ALEMANHA ORIENTAL","119.1.2","1278"
"1316","347","119.10","FRANÇA","119.10","1277"
"1291","320","119.10.1","PARIS","119.10.1","1316"
"1290","319","119.10.2","GUIANA FRANCESA","119.10.2","1316"
"1674","719","119.100","NIGER","119.100","1277"
"1676","721","119.101","SIERRA LEONE","119.101","1277"
"1677","722","119.102","CABO VERDE","119.102","1277"
"1679","724","119.103","TAHITI","119.103","1277"
"1681","726","119.104","GUINÉ BISSAU","119.104","1277"
"1682","727","119.105","CAMBOJA","119.105","1277"
"1683","728","119.106","GUATEMALA","119.106","1277"
"1706","751","119.107","FILIPINAS","119.107","1277"
"1288","316","119.11","HOLANDA","119.11","1277"
"1289","317","119.13","INGLATERRA","119.13","1277"
"1625","664","119.13.1","LONDRES","119.13.1","1289"
"1297","327","119.14","LÍBANO","119.14","1277"
"1298","328","119.15","VENEZUELA","119.15","1277"
"1299","329","119.16","RÚSSIA","119.16","1277"
"1301","331","119.17","JAPÃO","119.17","1277"
"1300","330","119.17.1","HIROSHIMA","119.17.1","1301"
"1307","338","119.18","NOVA ZELÂNDIA","119.18","1277"
"1309","340","119.19","IRAQUE","119.19","1277"
"1281","309","119.2","ARGELIA","119.2","1277"
"1310","341","119.20","GANA","119.20","1277"
"1715","760","119.200","VIETNÃ","119.200","1277"
"1725","772","119.201","ERITRÉIA","119.201","1277"
"1311","342","119.21","MARROCOS","119.21","1277"
"1312","343","119.22","SENEGAL","119.22","1277"
"1313","344","119.23","SIBÉRIA","119.23","1277"
"1314","345","119.24","UZBEQUISTÃO","119.24","1277"
"1315","346","119.25","UNIÃO SOVIÉTICA","119.25","1277"
"1317","348","119.26","MONGÓLIA","119.26","1277"
"1318","349","119.27","MALAWI","119.27","1277"
"1319","350","119.28","CISJORDÂNIA","119.28","1277"
"1320","351","119.29","TUNÍSIA","119.29","1277"
"1280","308","119.3","BELGICA","119.3","1277"
"1322","353","119.30","IRÃ","119.30","1277"
"1321","352","119.31","TURQUIA","119.31","1277"
"1323","354","119.32","ISRAEL","119.32","1277"
"1324","355","119.33","ETIÓPIA","119.33","1277"
"1325","356","119.34","AZERBAIJÃO","119.34","1277"
"1327","358","119.35","ÍNDIA","119.35","1277"
"1328","359","119.36","AUSTRÁLIA","119.36","1277"
"1329","360","119.37","CAMARÕES","119.37","1277"
"1403","440","119.38","NAMÍBIA","119.38","1277"
"1446","485","119.39","NIGERIA","119.39","1277"
"1279","305","119.4","BRASIL","119.4","1277"
"1377","412","119.4.10","MARANHÃO","119.4.10","1279"
"1445","484","119.4.10.1","SÃO LUÍS","119.4.10.1","1377"
"1378","413","119.4.11","MATO GROSSO","119.4.11","1279"
"1379","414","119.4.12","MATO GROSSO DO SUL","119.4.12","1279"
"1380","415","119.4.13","MINAS GERAIS","119.4.13","1279"
"1608","647","119.4.13.1","UBERLÂNDIA","119.4.13.1","1380"
"1669","714","119.4.13.2","BELO HORIZONTE","119.4.13.2","1380"
"1381","416","119.4.14","PARÁ","119.4.14","1279"
"1382","417","119.4.15","PARAÍBA","119.4.15","1279"
"1383","418","119.4.16","PARANÁ","119.4.16","1279"
"1672","717","119.4.16.1","CURITIBA","119.4.16.1","1383"
"1384","419","119.4.17","PERNAMBUCO","119.4.17","1279"
"1513","552","119.4.17.1","RECIFE","119.4.17.1","1384"
"1385","420","119.4.18","PIAUÍ","119.4.18","1279"
"1386","421","119.4.19","RIO DE JANEIRO","119.4.19","1279"
"1559","598","119.4.19.1","RIO DE JANEIRO","119.4.19.1","1386"
"1711","756","119.4.19.2","NITEROI","119.4.19.2","1386"
"1712","757","119.4.19.3","SÃO FRANCISCO DE ITABAPOANA","119.4.19.3","1386"
"1713","758","119.4.19.4","MACAÉ","119.4.19.4","1386"
"1292","322","119.4.2","ALAGOAS","119.4.2","1279"
"1387","422","119.4.20","RIO GRANDE DO NORTE","119.4.20","1279"
"1388","423","119.4.21","RIO GRANDE DO SUL","119.4.21","1279"
"1396","431","119.4.21.1","PORTO ALEGRE","119.4.21.1","1388"
"1389","424","119.4.22","RONDÔNIA","119.4.22","1279"
"1390","425","119.4.23","RORAIMA","119.4.23","1279"
"1391","426","119.4.24","SANTA CATARINA","119.4.24","1279"
"1392","427","119.4.25","SÃO PAULO","119.4.25","1279"
"1393","428","119.4.25.1","SÃO PAULO","119.4.25.1","1392"
"1633","672","119.4.25.2","CUBATÃO","119.4.25.2","1392"
"1655","700","119.4.25.3","SANTOS","119.4.25.3","1392"
"1657","702","119.4.25.4","SÃO VICENTE","119.4.25.4","1392"
"1707","752","119.4.25.5","SOROCABA","119.4.25.5","1392"
"1714","759","119.4.25.6","CAMPINAS","119.4.25.6","1392"
"1394","429","119.4.26","SERGIPE","119.4.26","1279"
"1395","430","119.4.27","TOCANTINS","119.4.27","1279"
"1293","323","119.4.3","AMAPÁ","119.4.3","1279"
"1296","326","119.4.3.1","MACAPÁ","119.4.3.1","1293"
"1294","324","119.4.4","AMAZONAS","119.4.4","1279"
"1295","325","119.4.5","BAHIA","119.4.5","1279"
"1607","646","119.4.5.1","SALVADOR","119.4.5.1","1295"
"1302","332","119.4.6","CEARÁ","119.4.6","1279"
"1303","333","119.4.7","DISTRITO FEDERAL","119.4.7","1279"
"1673","718","119.4.7.1","BRASÍLIA","119.4.7.1","1303"
"1334","366","119.4.8","ESPÍRITO SANTO","119.4.8","1279"
"1345","378","119.4.9","GOIÁS","119.4.9","1279"
"1448","487","119.40","UCRÂNIA","119.40","1277"
"1449","488","119.41","CHILE","119.41","1277"
"1460","499","119.42","ANGOLA","119.42","1277"
"1462","501","119.43","ÁFRICA DO SUL","119.43","1277"
"1464","503","119.44","GRÉCIA","119.44","1277"
"1486","525","119.45","MÉXICO","119.45","1277"
"1489","528","119.46","PAPUA NOVA GUINÉ","119.46","1277"
"1506","545","119.47","MOÇAMBIQUE","119.47","1277"
"1507","546","119.48","GÂMBIA","119.48","1277"
"1508","547","119.49","BOSTWANA","119.49","1277"
"1282","310","119.5","CHINA","119.5","1277"
"1509","548","119.50","QUÊNIA","119.50","1277"
"1510","549","119.51","EGITO","119.51","1277"
"1511","550","119.52","UGANDA","119.52","1277"
"1512","551","119.53","LIBÉRIA","119.53","1277"
"1523","562","119.54","TANZÂNIA","119.54","1277"
"1525","564","119.55","INDONÉSIA","119.55","1277"
"1526","565","119.56","RUANDA","119.56","1277"
"1531","570","119.57","QUÊNIA","119.57","1277"
"1532","571","119.58","ZAIRE","119.58","1277"
"1533","572","119.59","COSTA DO MARFIM","119.59","1277"
"1283","311","119.6","COLÔMBIA","119.6","1277"
"1534","573","119.60","SOMÁLIA","119.60","1277"
"1535","574","119.61","ZIMBÁBUE","119.61","1277"
"1536","575","119.62","SUDÃO","119.62","1277"
"1540","579","119.63","ARGENTINA","119.63","1277"
"1544","583","119.64","CUBA","119.64","1277"
"1545","584","119.65","SANTA LÚCIA","119.65","1277"
"1550","589","119.66","TIMOR LESTE","119.66","1277"
"1581","620","119.67","CANADÁ","119.67","1277"
"1585","624","119.68","IUGOSLÁVIA","119.68","1277"
"1586","625","119.69","JORDÂNIA","119.69","1277"
"1287","315","119.7","AUSTRIA","119.7","1277"
"1587","626","119.70","CROÁCIA","119.70","1277"
"1588","627","119.71","CURDISTÃO","119.71","1277"
"1589","628","119.72","SÍRIA","119.72","1277"
"1590","629","119.73","URSS","119.73","1277"
"1591","630","119.74","PORTUGAL","119.74","1277"
"1631","670","119.74.1","LISBOA","119.74.1","1591"
"1595","634","119.75","EQUADOR","119.75","1277"
"1596","635","119.76","HAVAÍ - HAWAI","119.76","1277"
"1597","636","119.77","MALI","119.77","1277"
"1598","637","119.78","MAURITÂNIA","119.78","1277"
"1599","638","119.79","PAQUISTÃO","119.79","1277"
"1284","312","119.8","ESPANHA","119.8","1277"
"1601","640","119.80","SUÉCIA","119.80","1277"
"1602","641","119.81","TCHECOSLOVAQUIA","119.81","1277"
"1603","642","119.82","REPUBLICA TCHECA","119.82","1277"
"1609","648","119.83","BENIM","119.83","1277"
"1611","650","119.84","CEILÃO","119.84","1277"
"1612","651","119.85","TIBET","119.85","1277"
"1618","657","119.86","ITÁLIA","119.86","1277"
"1619","658","119.87","POLÔNIA","119.87","1277"
"1620","659","119.88","BURQUINA FASO","119.88","1277"
"1624","663","119.89","TOGO","119.89","1277"
"1286","314","119.9","ESTADOS UNIDOS - EUA - USA","119.9","1277"
"1613","652","119.9.1","NOVA IORQUE","119.9.1","1286"
"1626","665","119.90","JAMAICA","119.90","1277"
"1637","676","119.91","IRLANDA","119.91","1277"
"1638","677","119.92","PERU","119.92","1277"
"1639","678","119.93","BOLÍVIA","119.93","1277"
"1640","679","119.94","BULGÁRIA","119.94","1277"
"1641","680","119.95","ROMÊNIA","119.95","1277"
"1642","681","119.96","CORÉIA DO SUL","119.96","1277"
"1652","697","119.97","HAITI","119.97","1277"
"1659","704","119.98","PANAMÁ","119.98","1277"
"1662","707","119.99","PORTO RICO","119.99","1277"
"1306","336","120","VIAGEM","120",""
"1404","441","121","TRÁFICO","121",""
"1405","442","121.1","DROGAS - TÓXICO","121.1","1404"
"1406","443","121.2","TRÁFICO NEGREIRO","121.2","1404"
"1502","541","122","CIÊNCIA","122",""
"1503","542","122.1","PALEONTOLOGIA","122.1","1502"
"1576","615","122.2","BIOLOGIA","122.2","1502"
"1703","748","122.3","GEOLOGIA","122.3","1502"
"1515","554","123","COMUNICAÇÃO","123",""
"1516","555","124","FOLCLORE","124",""
"1522","561","125","FRONTEIRA","125",""
"1541","580","126","BELEZA - ESTÉTICA","126",""
"1562","601","127","INTELECTUAIS","127",""
"1605","644","128","FEITIÇARIA","128",""
"1629","668","130","TECNOLOGIA","130",""
"1678","723","131","ALUCINOGENO","131",""
"1680","725","132","IDEOLOGIA","132",""
"1710","755","134","EPISTEMOLOGIA","134",""
"1720","765","135","GÊNERO","135",""
"1721","768","136","ARISTOCRACIA","136",""
"1722","769","137","FÉ","137",""
"1728","775","138","PERFORMANCE","138",""
"1731","778","139","HOMOSSEXUALIDADE","139",""
